{
	"credit": "Made with Blockbench",
	"textures": {
		"1": "block/spruce_planks",
		"particle": "block/acacia_planks"
	},
	"elements": [
		{
			"from": [8, 0, 8],
			"to": [24, 4, 12],
			"rotation": {"angle": -45, "axis": "z", "origin": [14.25, -0.9, 8]},
			"faces": {
				"north": {"uv": [16, 0, 0, 4], "texture": "#1"},
				"east": {"uv": [8, 4, 4, 8], "texture": "#1"},
				"south": {"uv": [16, 8, 0, 12], "texture": "#1"},
				"west": {"uv": [8, 4, 4, 8], "texture": "#1"},
				"up": {"uv": [16, 4, 0, 8], "texture": "#1"},
				"down": {"uv": [16, 12, 0, 16], "texture": "#1"}
			}
		},
		{
			"from": [-2.75, 4, 8.05],
			"to": [13.25, 7, 11.95],
			"rotation": {"angle": 0, "axis": "y", "origin": [16, 0, 0]},
			"faces": {
				"north": {"uv": [16, 0, 0, 4], "texture": "#1"},
				"east": {"uv": [8, 4, 4, 8], "texture": "#1"},
				"south": {"uv": [16, 8, 0, 12], "texture": "#1"},
				"west": {"uv": [8, 4, 4, 8], "texture": "#1"},
				"up": {"uv": [16, 8, 0, 4], "texture": "#1"},
				"down": {"uv": [16, 12, 0, 16], "texture": "#1"}
			}
		}
	],
	"display": {}
}