{
	"credit": "Made with Blockbench",
	"textures": {
		"0": "item/parts/glass_overlay",
		"1": "item/parts/glass",
		"particle": "item/parts/glass_overlay"
	},
	"elements": [
		{
			"from": [5, 0, 5],
			"to": [11, 1, 11],
			"faces": {
				"north": {"uv": [6, 15, 12, 16], "texture": "#1"},
				"east": {"uv": [6, 15, 12, 16], "texture": "#1"},
				"south": {"uv": [6, 15, 12, 16], "texture": "#1"},
				"west": {"uv": [6, 15, 12, 16], "texture": "#1"},
				"up": {"uv": [15, 15, 16, 16], "texture": "#1"},
				"down": {"uv": [0, 10, 6, 16], "texture": "#1"}
			}
		},
		{
			"from": [5, 1, 6],
			"to": [6, 11, 11],
			"faces": {
				"north": {"uv": [5, 0, 6, 10], "texture": "#1"},
				"east": {"uv": [6, 1, 11, 11], "texture": "#1"},
				"south": {"uv": [4, 0, 5, 10], "texture": "#1"},
				"west": {"uv": [11, 1, 16, 11], "texture": "#1"},
				"up": {"uv": [11, 0, 16, 1], "rotation": 90, "texture": "#1"},
				"down": {"uv": [6, 0, 7, 1], "texture": "#1"}
			}
		},
		{
			"from": [10, 1, 5],
			"to": [11, 11, 10],
			"faces": {
				"north": {"uv": [4, 0, 5, 10], "texture": "#1"},
				"east": {"uv": [11, 1, 16, 11], "texture": "#1"},
				"south": {"uv": [5, 0, 6, 10], "texture": "#1"},
				"west": {"uv": [6, 1, 11, 11], "texture": "#1"},
				"up": {"uv": [11, 0, 16, 1], "rotation": 90, "texture": "#1"},
				"down": {"uv": [6, 0, 7, 1], "texture": "#1"}
			}
		},
		{
			"from": [5, 1, 5],
			"to": [10, 11, 6],
			"rotation": {"angle": 0, "axis": "y", "origin": [7.5, 6, 7.5]},
			"faces": {
				"north": {"uv": [11, 1, 16, 11], "texture": "#1"},
				"east": {"uv": [5, 0, 6, 10], "texture": "#1"},
				"south": {"uv": [6, 1, 11, 11], "texture": "#1"},
				"west": {"uv": [4, 0, 5, 10], "texture": "#1"},
				"up": {"uv": [11, 0, 16, 1], "rotation": 90, "texture": "#1"},
				"down": {"uv": [6, 0, 7, 1], "rotation": 270, "texture": "#1"}
			}
		},
		{
			"from": [6, 1, 10],
			"to": [11, 11, 11],
			"rotation": {"angle": 0, "axis": "y", "origin": [7.5, 6, 7.5]},
			"faces": {
				"north": {"uv": [6, 1, 11, 11], "texture": "#1"},
				"east": {"uv": [4, 0, 5, 10], "texture": "#1"},
				"south": {"uv": [11, 1, 16, 11], "texture": "#1"},
				"west": {"uv": [5, 0, 6, 10], "texture": "#1"},
				"up": {"uv": [11, 0, 16, 1], "rotation": 90, "texture": "#1"},
				"down": {"uv": [6, 0, 7, 1], "rotation": 270, "texture": "#1"}
			}
		},
		{
			"from": [6, 1, 6],
			"to": [10, 9, 10],
			"faces": {
				"north": {"uv": [0, 0, 8, 16], "texture": "#0"},
				"east": {"uv": [0, 0, 8, 16], "texture": "#0"},
				"south": {"uv": [0, 0, 8, 16], "texture": "#0"},
				"west": {"uv": [0, 0, 8, 16], "texture": "#0"},
				"up": {"uv": [0, 0, 8, 8], "texture": "#0"},
				"down": {"uv": [0, 0, 8, 8], "texture": "#0"}
			}
		}
	],
	"display": {
		"thirdperson_righthand": {
			"translation": [0, 2.5, 0],
			"scale": [0.75, 0.75, 0.75]
		},
		"thirdperson_lefthand": {
			"translation": [0, 2.5, 0],
			"scale": [0.75, 0.75, 0.75]
		},
		"firstperson_righthand": {
			"translation": [0, 2.5, 0],
			"scale": [0.75, 0.75, 0.75]
		},
		"firstperson_lefthand": {
			"translation": [0, 2.5, 0],
			"scale": [0.75, 0.75, 0.75]
		},
		"ground": {
			"translation": [0, 4.75, 0]
		},
		"gui": {
			"rotation": [16, 16, 0],
			"translation": [0, 2, 0]
		},
		"head": {
			"translation": [0, 14.25, 0]
		}
	}
}