{
	"credit": "Made with Blockbench",
	"texture_size": [64, 64],
	"textures": {
		"1": "item/parts/guitar",
		"particle": "item/parts/guitar"
	},
	"elements": [
		{
			"name": "Switch",
			"from": [8.43805, 4.96051, 7.92202],
			"to": [8.59739, 5.67344, 8.01612],
			"rotation": {"angle": -22.5, "axis": "z", "origin": [8, 13.13554, 8.22613]},
			"faces": {
				"north": {"uv": [0, 0, 1, 1], "texture": "#1"},
				"east": {"uv": [0, 0, 1, 1], "texture": "#1"},
				"south": {"uv": [0, 0, 1, 1], "texture": "#1"},
				"west": {"uv": [0, 0, 1, 1], "texture": "#1"},
				"up": {"uv": [0, 0, 1, 1], "texture": "#1"},
				"down": {"uv": [0, 0, 1, 1], "texture": "#1"}
			}
		},
		{
			"name": "Switch",
			"from": [8.49162, 5.23144, 7.6601],
			"to": [8.54631, 5.40144, 8.19225],
			"rotation": {"angle": -22.5, "axis": "z", "origin": [8, 13.13554, 8.22613]},
			"faces": {
				"north": {"uv": [2, 0, 3, 1], "texture": "#1"},
				"east": {"uv": [2, 0, 3, 1], "texture": "#1"},
				"south": {"uv": [2, 0, 3, 1], "texture": "#1"},
				"west": {"uv": [2, 0, 3, 1], "texture": "#1"},
				"up": {"uv": [2, 0, 3, 1], "texture": "#1"},
				"down": {"uv": [2, 0, 3, 1], "texture": "#1"}
			}
		},
		{
			"name": "Headstock",
			"from": [7.01909, 21.56937, 7.98541],
			"to": [8.87397, 22.86779, 8.69115],
			"rotation": {"angle": 0, "axis": "y", "origin": [8, 13.13554, 8.22613]},
			"faces": {
				"north": {"uv": [3, 0, 4, 1], "texture": "#1"},
				"east": {"uv": [3, 0, 4, 1], "texture": "#1"},
				"south": {"uv": [3, 0, 4, 1], "texture": "#1"},
				"west": {"uv": [3, 0, 4, 1], "texture": "#1"},
				"up": {"uv": [3, 0, 4, 1], "texture": "#1"},
				"down": {"uv": [3, 0, 4, 1], "texture": "#1"}
			}
		},
		{
			"name": "Headstock",
			"from": [12.26551, 21.01663, 7.98541],
			"to": [12.451, 21.20211, 8.69115],
			"rotation": {"angle": 22.5, "axis": "z", "origin": [8, 13.13554, 8.22613]},
			"faces": {
				"north": {"uv": [3, 0, 4, 1], "texture": "#1"},
				"east": {"uv": [3, 0, 4, 1], "texture": "#1"},
				"south": {"uv": [3, 0, 4, 1], "texture": "#1"},
				"west": {"uv": [3, 0, 4, 1], "texture": "#1"},
				"up": {"uv": [3, 0, 4, 1], "texture": "#1"},
				"down": {"uv": [3, 0, 4, 1], "texture": "#1"}
			}
		},
		{
			"name": "Headstock",
			"from": [15.12815, 18.71339, 7.98541],
			"to": [15.22089, 18.89888, 8.69115],
			"rotation": {"angle": 45, "axis": "z", "origin": [8, 13.13554, 8.22613]},
			"faces": {
				"north": {"uv": [3, 0, 4, 1], "texture": "#1"},
				"east": {"uv": [3, 0, 4, 1], "texture": "#1"},
				"south": {"uv": [3, 0, 4, 1], "texture": "#1"},
				"west": {"uv": [3, 0, 4, 1], "texture": "#1"},
				"up": {"uv": [3, 0, 4, 1], "texture": "#1"},
				"down": {"uv": [3, 0, 4, 1], "texture": "#1"}
			}
		},
		{
			"name": "Headstock",
			"from": [5.42457, 21.94133, 7.98541],
			"to": [5.61006, 22.12681, 8.69115],
			"rotation": {"angle": -22.5, "axis": "z", "origin": [8, 13.13554, 8.22613]},
			"faces": {
				"north": {"uv": [3, 0, 4, 1], "texture": "#1"},
				"east": {"uv": [3, 0, 4, 1], "texture": "#1"},
				"south": {"uv": [3, 0, 4, 1], "texture": "#1"},
				"west": {"uv": [3, 0, 4, 1], "texture": "#1"},
				"up": {"uv": [3, 0, 4, 1], "texture": "#1"},
				"down": {"uv": [3, 0, 4, 1], "texture": "#1"}
			}
		},
		{
			"name": "Headstock",
			"from": [5.28801, 21.51888, 7.98541],
			"to": [5.47349, 21.98261, 8.69115],
			"rotation": {"angle": -22.5, "axis": "z", "origin": [8, 13.13554, 8.22613]},
			"faces": {
				"north": {"uv": [3, 0, 4, 1], "texture": "#1"},
				"east": {"uv": [3, 0, 4, 1], "texture": "#1"},
				"south": {"uv": [3, 0, 4, 1], "texture": "#1"},
				"west": {"uv": [3, 0, 4, 1], "texture": "#1"},
				"up": {"uv": [3, 0, 4, 1], "texture": "#1"},
				"down": {"uv": [3, 0, 4, 1], "texture": "#1"}
			}
		},
		{
			"name": "Headstock",
			"from": [11.55459, 21.18422, 7.98541],
			"to": [12.66752, 25.19541, 8.69115],
			"rotation": {"angle": 22.5, "axis": "z", "origin": [8, 13.13554, 8.22613]},
			"faces": {
				"north": {"uv": [3, 0, 4, 1], "texture": "#1"},
				"east": {"uv": [3, 0, 4, 1], "texture": "#1"},
				"south": {"uv": [3, 0, 4, 1], "texture": "#1"},
				"west": {"uv": [3, 0, 4, 1], "texture": "#1"},
				"up": {"uv": [3, 0, 4, 1], "texture": "#1"},
				"down": {"uv": [3, 0, 4, 1], "texture": "#1"}
			}
		},
		{
			"name": "Headstock",
			"from": [2.0591, 24.45634, 7.98541],
			"to": [2.43007, 25.10556, 8.69115],
			"rotation": {"angle": -22.5, "axis": "z", "origin": [8, 13.13554, 8.22613]},
			"faces": {
				"north": {"uv": [3, 0, 4, 1], "texture": "#1"},
				"east": {"uv": [3, 0, 4, 1], "texture": "#1"},
				"south": {"uv": [3, 0, 4, 1], "texture": "#1"},
				"west": {"uv": [3, 0, 4, 1], "texture": "#1"},
				"up": {"uv": [3, 0, 4, 1], "texture": "#1"},
				"down": {"uv": [3, 0, 4, 1], "texture": "#1"}
			}
		},
		{
			"name": "Headstock",
			"from": [16.6491, 22.49121, 7.98541],
			"to": [16.92733, 22.86219, 8.69115],
			"rotation": {"angle": 45, "axis": "z", "origin": [8, 13.13554, 8.22613]},
			"faces": {
				"north": {"uv": [3, 0, 4, 1], "texture": "#1"},
				"east": {"uv": [3, 0, 4, 1], "texture": "#1"},
				"south": {"uv": [3, 0, 4, 1], "texture": "#1"},
				"west": {"uv": [3, 0, 4, 1], "texture": "#1"},
				"up": {"uv": [3, 0, 4, 1], "texture": "#1"},
				"down": {"uv": [3, 0, 4, 1], "texture": "#1"}
			}
		},
		{
			"name": "Headstock",
			"from": [-2.37262, 21.18888, 7.98541],
			"to": [-1.81615, 21.46711, 8.69115],
			"rotation": {"angle": -45, "axis": "z", "origin": [8, 13.13554, 8.22613]},
			"faces": {
				"north": {"uv": [3, 0, 4, 1], "texture": "#1"},
				"east": {"uv": [3, 0, 4, 1], "texture": "#1"},
				"south": {"uv": [3, 0, 4, 1], "texture": "#1"},
				"west": {"uv": [3, 0, 4, 1], "texture": "#1"},
				"up": {"uv": [3, 0, 4, 1], "texture": "#1"},
				"down": {"uv": [3, 0, 4, 1], "texture": "#1"}
			}
		},
		{
			"name": "Headstock",
			"from": [-1.81234, 20.62862, 7.98541],
			"to": [-0.8849, 21.8343, 8.69115],
			"rotation": {"angle": -45, "axis": "z", "origin": [8, 13.13554, 8.22613]},
			"faces": {
				"north": {"uv": [3, 0, 4, 1], "texture": "#1"},
				"east": {"uv": [3, 0, 4, 1], "texture": "#1"},
				"south": {"uv": [3, 0, 4, 1], "texture": "#1"},
				"west": {"uv": [3, 0, 4, 1], "texture": "#1"},
				"up": {"uv": [3, 0, 4, 1], "texture": "#1"},
				"down": {"uv": [3, 0, 4, 1], "texture": "#1"}
			}
		},
		{
			"name": "Headstock",
			"from": [11.72795, 25.35048, 7.98541],
			"to": [12.00618, 25.90694, 8.69115],
			"rotation": {"angle": 22.5, "axis": "z", "origin": [8, 13.13554, 8.22613]},
			"faces": {
				"north": {"uv": [3, 0, 4, 1], "texture": "#1"},
				"east": {"uv": [3, 0, 4, 1], "texture": "#1"},
				"south": {"uv": [3, 0, 4, 1], "texture": "#1"},
				"west": {"uv": [3, 0, 4, 1], "texture": "#1"},
				"up": {"uv": [3, 0, 4, 1], "texture": "#1"},
				"down": {"uv": [3, 0, 4, 1], "texture": "#1"}
			}
		},
		{
			"name": "Headstock",
			"from": [2.65915, 21.82984, 7.98541],
			"to": [4.14306, 23.49924, 8.69115],
			"rotation": {"angle": -22.5, "axis": "z", "origin": [8, 13.13554, 8.22613]},
			"faces": {
				"north": {"uv": [3, 0, 4, 1], "texture": "#1"},
				"east": {"uv": [3, 0, 4, 1], "texture": "#1"},
				"south": {"uv": [3, 0, 4, 1], "texture": "#1"},
				"west": {"uv": [3, 0, 4, 1], "texture": "#1"},
				"up": {"uv": [3, 0, 4, 1], "texture": "#1"},
				"down": {"uv": [3, 0, 4, 1], "texture": "#1"}
			}
		},
		{
			"name": "Headstock",
			"from": [1.49884, 24.26705, 7.98541],
			"to": [1.96256, 24.54529, 8.69115],
			"rotation": {"angle": -22.5, "axis": "z", "origin": [8, 13.13554, 8.22613]},
			"faces": {
				"north": {"uv": [3, 0, 4, 1], "texture": "#1"},
				"east": {"uv": [3, 0, 4, 1], "texture": "#1"},
				"south": {"uv": [3, 0, 4, 1], "texture": "#1"},
				"west": {"uv": [3, 0, 4, 1], "texture": "#1"},
				"up": {"uv": [3, 0, 4, 1], "texture": "#1"},
				"down": {"uv": [3, 0, 4, 1], "texture": "#1"}
			}
		},
		{
			"name": "Headstock",
			"from": [11.16768, 25.06843, 7.98541],
			"to": [11.81689, 25.34667, 8.69115],
			"rotation": {"angle": 22.5, "axis": "z", "origin": [8, 13.13554, 8.22613]},
			"faces": {
				"north": {"uv": [3, 0, 4, 1], "texture": "#1"},
				"east": {"uv": [3, 0, 4, 1], "texture": "#1"},
				"south": {"uv": [3, 0, 4, 1], "texture": "#1"},
				"west": {"uv": [3, 0, 4, 1], "texture": "#1"},
				"up": {"uv": [3, 0, 4, 1], "texture": "#1"},
				"down": {"uv": [3, 0, 4, 1], "texture": "#1"}
			}
		},
		{
			"name": "Headstock",
			"from": [6.81382, 25.81866, 7.98541],
			"to": [7.09206, 26.46787, 8.69115],
			"rotation": {"angle": 0, "axis": "y", "origin": [8, 13.13554, 8.22613]},
			"faces": {
				"north": {"uv": [3, 0, 4, 1], "texture": "#1"},
				"east": {"uv": [3, 0, 4, 1], "texture": "#1"},
				"south": {"uv": [3, 0, 4, 1], "texture": "#1"},
				"west": {"uv": [3, 0, 4, 1], "texture": "#1"},
				"up": {"uv": [3, 0, 4, 1], "texture": "#1"},
				"down": {"uv": [3, 0, 4, 1], "texture": "#1"}
			}
		},
		{
			"name": "Headstock",
			"from": [6.25356, 25.62937, 7.98541],
			"to": [6.62453, 25.9076, 8.69115],
			"rotation": {"angle": 0, "axis": "y", "origin": [8, 13.13554, 8.22613]},
			"faces": {
				"north": {"uv": [3, 0, 4, 1], "texture": "#1"},
				"east": {"uv": [3, 0, 4, 1], "texture": "#1"},
				"south": {"uv": [3, 0, 4, 1], "texture": "#1"},
				"west": {"uv": [3, 0, 4, 1], "texture": "#1"},
				"up": {"uv": [3, 0, 4, 1], "texture": "#1"},
				"down": {"uv": [3, 0, 4, 1], "texture": "#1"}
			}
		},
		{
			"name": "Headstock",
			"from": [3.01668, 21.4949, 7.98541],
			"to": [3.29492, 21.58764, 8.69115],
			"rotation": {"angle": -22.5, "axis": "z", "origin": [8, 13.13554, 8.22613]},
			"faces": {
				"north": {"uv": [3, 0, 4, 1], "texture": "#1"},
				"east": {"uv": [3, 0, 4, 1], "texture": "#1"},
				"south": {"uv": [3, 0, 4, 1], "texture": "#1"},
				"west": {"uv": [3, 0, 4, 1], "texture": "#1"},
				"up": {"uv": [3, 0, 4, 1], "texture": "#1"},
				"down": {"uv": [3, 0, 4, 1], "texture": "#1"}
			}
		},
		{
			"name": "Headstock",
			"from": [10.31624, 22.74161, 7.98541],
			"to": [10.40898, 22.92709, 8.69115],
			"rotation": {"angle": 22.5, "axis": "z", "origin": [8, 13.13554, 8.22613]},
			"faces": {
				"north": {"uv": [3, 0, 4, 1], "texture": "#1"},
				"east": {"uv": [3, 0, 4, 1], "texture": "#1"},
				"south": {"uv": [3, 0, 4, 1], "texture": "#1"},
				"west": {"uv": [3, 0, 4, 1], "texture": "#1"},
				"up": {"uv": [3, 0, 4, 1], "texture": "#1"},
				"down": {"uv": [3, 0, 4, 1], "texture": "#1"}
			}
		},
		{
			"name": "Headstock",
			"from": [6.39285, 23.06814, 7.98541],
			"to": [6.57834, 23.21189, 8.69115],
			"rotation": {"angle": 0, "axis": "y", "origin": [8, 13.13554, 8.22613]},
			"faces": {
				"north": {"uv": [3, 0, 4, 1], "texture": "#1"},
				"east": {"uv": [3, 0, 4, 1], "texture": "#1"},
				"south": {"uv": [3, 0, 4, 1], "texture": "#1"},
				"west": {"uv": [3, 0, 4, 1], "texture": "#1"},
				"up": {"uv": [3, 0, 4, 1], "texture": "#1"},
				"down": {"uv": [3, 0, 4, 1], "texture": "#1"}
			}
		},
		{
			"name": "Headstock",
			"from": [13.81601, 20.93851, 7.98541],
			"to": [13.90875, 21.124, 8.69115],
			"rotation": {"angle": 45, "axis": "z", "origin": [8, 13.13554, 8.22613]},
			"faces": {
				"north": {"uv": [3, 0, 4, 1], "texture": "#1"},
				"east": {"uv": [3, 0, 4, 1], "texture": "#1"},
				"south": {"uv": [3, 0, 4, 1], "texture": "#1"},
				"west": {"uv": [3, 0, 4, 1], "texture": "#1"},
				"up": {"uv": [3, 0, 4, 1], "texture": "#1"},
				"down": {"uv": [3, 0, 4, 1], "texture": "#1"}
			}
		},
		{
			"name": "Headstock",
			"from": [-0.09533, 19.02252, 7.98541],
			"to": [0.64663, 19.48625, 8.69115],
			"rotation": {"angle": -45, "axis": "z", "origin": [8, 13.13554, 8.22613]},
			"faces": {
				"north": {"uv": [3, 0, 4, 1], "texture": "#1"},
				"east": {"uv": [3, 0, 4, 1], "texture": "#1"},
				"south": {"uv": [3, 0, 4, 1], "texture": "#1"},
				"west": {"uv": [3, 0, 4, 1], "texture": "#1"},
				"up": {"uv": [3, 0, 4, 1], "texture": "#1"},
				"down": {"uv": [3, 0, 4, 1], "texture": "#1"}
			}
		},
		{
			"name": "Headstock",
			"from": [10.6178, 21.93928, 7.98541],
			"to": [10.71055, 22.21751, 8.69115],
			"rotation": {"angle": 22.5, "axis": "z", "origin": [8, 13.13554, 8.22613]},
			"faces": {
				"north": {"uv": [3, 0, 4, 1], "texture": "#1"},
				"east": {"uv": [3, 0, 4, 1], "texture": "#1"},
				"south": {"uv": [3, 0, 4, 1], "texture": "#1"},
				"west": {"uv": [3, 0, 4, 1], "texture": "#1"},
				"up": {"uv": [3, 0, 4, 1], "texture": "#1"},
				"down": {"uv": [3, 0, 4, 1], "texture": "#1"}
			}
		},
		{
			"name": "Headstock",
			"from": [7.01909, 20.79578, 4.86581],
			"to": [8.87397, 21.10533, 5.42827],
			"rotation": {"angle": 22.5, "axis": "x", "origin": [8, 13.13554, 8.22613]},
			"faces": {
				"north": {"uv": [3, 0, 4, 1], "texture": "#1"},
				"east": {"uv": [3, 0, 4, 1], "texture": "#1"},
				"south": {"uv": [3, 0, 4, 1], "texture": "#1"},
				"west": {"uv": [3, 0, 4, 1], "texture": "#1"},
				"up": {"uv": [3, 0, 4, 1], "texture": "#1"},
				"down": {"uv": [3, 0, 4, 1], "texture": "#1"}
			}
		},
		{
			"name": "Headstock",
			"from": [7.01909, 18.65188, 13.73258],
			"to": [8.87397, 19.35886, 14.23258],
			"rotation": {"angle": -45, "axis": "x", "origin": [8, 13.13554, 8.22613]},
			"faces": {
				"north": {"uv": [3, 0, 4, 1], "texture": "#1"},
				"east": {"uv": [3, 0, 4, 1], "texture": "#1"},
				"south": {"uv": [3, 0, 4, 1], "texture": "#1"},
				"west": {"uv": [3, 0, 4, 1], "texture": "#1"},
				"up": {"uv": [3, 0, 4, 1], "texture": "#1"},
				"down": {"uv": [3, 0, 4, 1], "texture": "#1"}
			}
		},
		{
			"name": "Headstock",
			"from": [7.01909, 20.3392, 10.87119],
			"to": [8.87397, 20.73432, 11.20241],
			"rotation": {"angle": -22.5, "axis": "x", "origin": [8, 13.13554, 8.22613]},
			"faces": {
				"north": {"uv": [3, 0, 4, 1], "texture": "#1"},
				"east": {"uv": [3, 0, 4, 1], "texture": "#1"},
				"south": {"uv": [3, 0, 4, 1], "texture": "#1"},
				"west": {"uv": [3, 0, 4, 1], "texture": "#1"},
				"up": {"uv": [3, 0, 4, 1], "texture": "#1"},
				"down": {"uv": [3, 0, 4, 1], "texture": "#1"}
			}
		},
		{
			"name": "Fretboard",
			"from": [7.01909, 9.28527, 7.72011],
			"to": [8.87397, 21.41298, 8.00241],
			"rotation": {"angle": 0, "axis": "y", "origin": [8, 13.13554, 8.22613]},
			"faces": {
				"north": {"uv": [3, 0, 4, 1], "texture": "#1"},
				"east": {"uv": [3, 0, 4, 1], "texture": "#1"},
				"south": {"uv": [3, 0, 4, 1], "texture": "#1"},
				"west": {"uv": [3, 0, 4, 1], "texture": "#1"},
				"up": {"uv": [3, 0, 4, 1], "texture": "#1"},
				"down": {"uv": [3, 0, 4, 1], "texture": "#1"}
			}
		},
		{
			"name": "Neck Pocket",
			"from": [7.01909, 12.60268, 7.46015],
			"to": [8.87397, 13.03989, 7.74244],
			"rotation": {"angle": -45, "axis": "x", "origin": [8, 13.13554, 8.22613]},
			"faces": {
				"north": {"uv": [3, 0, 4, 1], "texture": "#1"},
				"east": {"uv": [3, 0, 4, 1], "texture": "#1"},
				"south": {"uv": [3, 0, 4, 1], "texture": "#1"},
				"west": {"uv": [3, 0, 4, 1], "texture": "#1"},
				"up": {"uv": [3, 0, 4, 1], "texture": "#1"},
				"down": {"uv": [3, 0, 4, 1], "texture": "#1"}
			}
		},
		{
			"name": "Neck Pocket",
			"from": [7.01909, 11.62345, 7.41858],
			"to": [8.87397, 12.45814, 7.98317],
			"rotation": {"angle": -22.5, "axis": "x", "origin": [8, 13.13554, 8.22613]},
			"faces": {
				"north": {"uv": [3, 0, 4, 1], "texture": "#1"},
				"east": {"uv": [3, 0, 4, 1], "texture": "#1"},
				"south": {"uv": [3, 0, 4, 1], "texture": "#1"},
				"west": {"uv": [3, 0, 4, 1], "texture": "#1"},
				"up": {"uv": [3, 0, 4, 1], "texture": "#1"},
				"down": {"uv": [3, 0, 4, 1], "texture": "#1"}
			}
		},
		{
			"name": "Neck Pocket",
			"from": [7.01909, 9.82799, 8.00232],
			"to": [8.87397, 11.64557, 8.58032],
			"rotation": {"angle": 0, "axis": "y", "origin": [8, 13.13554, 8.22613]},
			"faces": {
				"north": {"uv": [3, 0, 4, 1], "texture": "#1"},
				"east": {"uv": [3, 0, 4, 1], "texture": "#1"},
				"south": {"uv": [3, 0, 4, 1], "texture": "#1"},
				"west": {"uv": [3, 0, 4, 1], "texture": "#1"},
				"up": {"uv": [3, 0, 4, 1], "texture": "#1"},
				"down": {"uv": [3, 0, 4, 1], "texture": "#1"}
			}
		},
		{
			"name": "Fretboard",
			"from": [7.37054, 11.02564, 7.88924],
			"to": [8.52254, 21.41298, 8.35384],
			"rotation": {"angle": 0, "axis": "y", "origin": [8, 13.13554, 8.22613]},
			"faces": {
				"north": {"uv": [3, 0, 4, 1], "texture": "#1"},
				"east": {"uv": [3, 0, 4, 1], "texture": "#1"},
				"south": {"uv": [3, 0, 4, 1], "texture": "#1"},
				"west": {"uv": [3, 0, 4, 1], "texture": "#1"},
				"up": {"uv": [3, 0, 4, 1], "texture": "#1"},
				"down": {"uv": [3, 0, 4, 1], "texture": "#1"}
			}
		},
		{
			"name": "Fretboard",
			"from": [8.18882, 11.02564, 7.44994],
			"to": [8.4598, 21.41298, 7.94694],
			"rotation": {"angle": -45, "axis": "y", "origin": [8, 13.13554, 8.22613]},
			"faces": {
				"north": {"uv": [3, 0, 4, 1], "texture": "#1"},
				"east": {"uv": [3, 0, 4, 1], "texture": "#1"},
				"south": {"uv": [3, 0, 4, 1], "texture": "#1"},
				"west": {"uv": [3, 0, 4, 1], "texture": "#1"},
				"up": {"uv": [3, 0, 4, 1], "texture": "#1"},
				"down": {"uv": [3, 0, 4, 1], "texture": "#1"}
			}
		},
		{
			"name": "Fretboard",
			"from": [7.1482, 11.02564, 8.48515],
			"to": [7.6452, 21.41298, 8.76154],
			"rotation": {"angle": -45, "axis": "y", "origin": [8, 13.13554, 8.22613]},
			"faces": {
				"north": {"uv": [3, 0, 4, 1], "texture": "#1"},
				"east": {"uv": [3, 0, 4, 1], "texture": "#1"},
				"south": {"uv": [3, 0, 4, 1], "texture": "#1"},
				"west": {"uv": [3, 0, 4, 1], "texture": "#1"},
				"up": {"uv": [3, 0, 4, 1], "texture": "#1"},
				"down": {"uv": [3, 0, 4, 1], "texture": "#1"}
			}
		},
		{
			"name": "Headstock",
			"from": [12.13388, 21.7397, 8.58358],
			"to": [12.31937, 21.92519, 8.77177],
			"rotation": {"angle": 22.5, "axis": "z", "origin": [8, 13.13554, 8.22613]},
			"faces": {
				"north": {"uv": [2, 0, 3, 1], "texture": "#1"},
				"east": {"uv": [2, 0, 3, 1], "texture": "#1"},
				"south": {"uv": [2, 0, 3, 1], "texture": "#1"},
				"west": {"uv": [2, 0, 3, 1], "texture": "#1"},
				"up": {"uv": [2, 0, 3, 1], "texture": "#1"},
				"down": {"uv": [2, 0, 3, 1], "texture": "#1"}
			}
		},
		{
			"name": "Headstock",
			"from": [12.13388, 23.09043, 8.58358],
			"to": [12.31937, 23.27592, 8.77177],
			"rotation": {"angle": 22.5, "axis": "z", "origin": [8, 13.13554, 8.22613]},
			"faces": {
				"north": {"uv": [2, 0, 3, 1], "texture": "#1"},
				"east": {"uv": [2, 0, 3, 1], "texture": "#1"},
				"south": {"uv": [2, 0, 3, 1], "texture": "#1"},
				"west": {"uv": [2, 0, 3, 1], "texture": "#1"},
				"up": {"uv": [2, 0, 3, 1], "texture": "#1"},
				"down": {"uv": [2, 0, 3, 1], "texture": "#1"}
			}
		},
		{
			"name": "Headstock",
			"from": [12.13388, 23.76581, 8.58358],
			"to": [12.31937, 23.9513, 8.77177],
			"rotation": {"angle": 22.5, "axis": "z", "origin": [8, 13.13554, 8.22613]},
			"faces": {
				"north": {"uv": [2, 0, 3, 1], "texture": "#1"},
				"east": {"uv": [2, 0, 3, 1], "texture": "#1"},
				"south": {"uv": [2, 0, 3, 1], "texture": "#1"},
				"west": {"uv": [2, 0, 3, 1], "texture": "#1"},
				"up": {"uv": [2, 0, 3, 1], "texture": "#1"},
				"down": {"uv": [2, 0, 3, 1], "texture": "#1"}
			}
		},
		{
			"name": "Headstock",
			"from": [12.13388, 24.32227, 8.58358],
			"to": [12.31937, 24.50776, 8.77177],
			"rotation": {"angle": 22.5, "axis": "z", "origin": [8, 13.13554, 8.22613]},
			"faces": {
				"north": {"uv": [2, 0, 3, 1], "texture": "#1"},
				"east": {"uv": [2, 0, 3, 1], "texture": "#1"},
				"south": {"uv": [2, 0, 3, 1], "texture": "#1"},
				"west": {"uv": [2, 0, 3, 1], "texture": "#1"},
				"up": {"uv": [2, 0, 3, 1], "texture": "#1"},
				"down": {"uv": [2, 0, 3, 1], "texture": "#1"}
			}
		},
		{
			"name": "Headstock",
			"from": [12.13388, 22.41507, 8.58358],
			"to": [12.31937, 22.60056, 8.77177],
			"rotation": {"angle": 22.5, "axis": "z", "origin": [8, 13.13554, 8.22613]},
			"faces": {
				"north": {"uv": [2, 0, 3, 1], "texture": "#1"},
				"east": {"uv": [2, 0, 3, 1], "texture": "#1"},
				"south": {"uv": [2, 0, 3, 1], "texture": "#1"},
				"west": {"uv": [2, 0, 3, 1], "texture": "#1"},
				"up": {"uv": [2, 0, 3, 1], "texture": "#1"},
				"down": {"uv": [2, 0, 3, 1], "texture": "#1"}
			}
		},
		{
			"name": "Headstock",
			"from": [12.13388, 24.99764, 8.58358],
			"to": [12.31937, 25.18313, 8.77177],
			"rotation": {"angle": 22.5, "axis": "z", "origin": [8, 13.13554, 8.22613]},
			"faces": {
				"north": {"uv": [2, 0, 3, 1], "texture": "#1"},
				"east": {"uv": [2, 0, 3, 1], "texture": "#1"},
				"south": {"uv": [2, 0, 3, 1], "texture": "#1"},
				"west": {"uv": [2, 0, 3, 1], "texture": "#1"},
				"up": {"uv": [2, 0, 3, 1], "texture": "#1"},
				"down": {"uv": [2, 0, 3, 1], "texture": "#1"}
			}
		},
		{
			"name": "Headstock",
			"from": [16.45194, 22.35673, 7.83379],
			"to": [16.63743, 22.54222, 8.21019],
			"rotation": {"angle": 45, "axis": "z", "origin": [8, 13.13554, 8.22613]},
			"faces": {
				"north": {"uv": [2, 0, 3, 1], "texture": "#1"},
				"east": {"uv": [2, 0, 3, 1], "texture": "#1"},
				"south": {"uv": [2, 0, 3, 1], "texture": "#1"},
				"west": {"uv": [2, 0, 3, 1], "texture": "#1"},
				"up": {"uv": [2, 0, 3, 1], "texture": "#1"},
				"down": {"uv": [2, 0, 3, 1], "texture": "#1"}
			}
		},
		{
			"name": "Headstock",
			"from": [12.31287, 24.96491, 8.02199],
			"to": [12.96207, 25.1504, 8.30429],
			"rotation": {"angle": 22.5, "axis": "z", "origin": [8, 13.13554, 8.22613]},
			"faces": {
				"north": {"uv": [2, 0, 3, 1], "texture": "#1"},
				"east": {"uv": [2, 0, 3, 1], "texture": "#1"},
				"south": {"uv": [2, 0, 3, 1], "texture": "#1"},
				"west": {"uv": [2, 0, 3, 1], "texture": "#1"},
				"up": {"uv": [2, 0, 3, 1], "texture": "#1"},
				"down": {"uv": [2, 0, 3, 1], "texture": "#1"}
			}
		},
		{
			"name": "Headstock",
			"from": [16.2035, 21.75695, 7.83379],
			"to": [16.38899, 21.94244, 8.21019],
			"rotation": {"angle": 45, "axis": "z", "origin": [8, 13.13554, 8.22613]},
			"faces": {
				"north": {"uv": [2, 0, 3, 1], "texture": "#1"},
				"east": {"uv": [2, 0, 3, 1], "texture": "#1"},
				"south": {"uv": [2, 0, 3, 1], "texture": "#1"},
				"west": {"uv": [2, 0, 3, 1], "texture": "#1"},
				"up": {"uv": [2, 0, 3, 1], "texture": "#1"},
				"down": {"uv": [2, 0, 3, 1], "texture": "#1"}
			}
		},
		{
			"name": "Headstock",
			"from": [12.31287, 24.3157, 8.02199],
			"to": [12.96207, 24.50119, 8.30429],
			"rotation": {"angle": 22.5, "axis": "z", "origin": [8, 13.13554, 8.22613]},
			"faces": {
				"north": {"uv": [2, 0, 3, 1], "texture": "#1"},
				"east": {"uv": [2, 0, 3, 1], "texture": "#1"},
				"south": {"uv": [2, 0, 3, 1], "texture": "#1"},
				"west": {"uv": [2, 0, 3, 1], "texture": "#1"},
				"up": {"uv": [2, 0, 3, 1], "texture": "#1"},
				"down": {"uv": [2, 0, 3, 1], "texture": "#1"}
			}
		},
		{
			"name": "Headstock",
			"from": [15.95506, 21.15715, 7.83379],
			"to": [16.14055, 21.34264, 8.21019],
			"rotation": {"angle": 45, "axis": "z", "origin": [8, 13.13554, 8.22613]},
			"faces": {
				"north": {"uv": [2, 0, 3, 1], "texture": "#1"},
				"east": {"uv": [2, 0, 3, 1], "texture": "#1"},
				"south": {"uv": [2, 0, 3, 1], "texture": "#1"},
				"west": {"uv": [2, 0, 3, 1], "texture": "#1"},
				"up": {"uv": [2, 0, 3, 1], "texture": "#1"},
				"down": {"uv": [2, 0, 3, 1], "texture": "#1"}
			}
		},
		{
			"name": "Headstock",
			"from": [12.31287, 23.66649, 8.02199],
			"to": [12.96207, 23.85198, 8.30429],
			"rotation": {"angle": 22.5, "axis": "z", "origin": [8, 13.13554, 8.22613]},
			"faces": {
				"north": {"uv": [2, 0, 3, 1], "texture": "#1"},
				"east": {"uv": [2, 0, 3, 1], "texture": "#1"},
				"south": {"uv": [2, 0, 3, 1], "texture": "#1"},
				"west": {"uv": [2, 0, 3, 1], "texture": "#1"},
				"up": {"uv": [2, 0, 3, 1], "texture": "#1"},
				"down": {"uv": [2, 0, 3, 1], "texture": "#1"}
			}
		},
		{
			"name": "Headstock",
			"from": [15.70662, 20.55736, 7.83379],
			"to": [15.89211, 20.74285, 8.21019],
			"rotation": {"angle": 45, "axis": "z", "origin": [8, 13.13554, 8.22613]},
			"faces": {
				"north": {"uv": [2, 0, 3, 1], "texture": "#1"},
				"east": {"uv": [2, 0, 3, 1], "texture": "#1"},
				"south": {"uv": [2, 0, 3, 1], "texture": "#1"},
				"west": {"uv": [2, 0, 3, 1], "texture": "#1"},
				"up": {"uv": [2, 0, 3, 1], "texture": "#1"},
				"down": {"uv": [2, 0, 3, 1], "texture": "#1"}
			}
		},
		{
			"name": "Headstock",
			"from": [12.31287, 23.01728, 8.02199],
			"to": [12.96207, 23.20277, 8.30429],
			"rotation": {"angle": 22.5, "axis": "z", "origin": [8, 13.13554, 8.22613]},
			"faces": {
				"north": {"uv": [2, 0, 3, 1], "texture": "#1"},
				"east": {"uv": [2, 0, 3, 1], "texture": "#1"},
				"south": {"uv": [2, 0, 3, 1], "texture": "#1"},
				"west": {"uv": [2, 0, 3, 1], "texture": "#1"},
				"up": {"uv": [2, 0, 3, 1], "texture": "#1"},
				"down": {"uv": [2, 0, 3, 1], "texture": "#1"}
			}
		},
		{
			"name": "Headstock",
			"from": [15.45817, 19.95757, 7.83379],
			"to": [15.64366, 20.14306, 8.21019],
			"rotation": {"angle": 45, "axis": "z", "origin": [8, 13.13554, 8.22613]},
			"faces": {
				"north": {"uv": [2, 0, 3, 1], "texture": "#1"},
				"east": {"uv": [2, 0, 3, 1], "texture": "#1"},
				"south": {"uv": [2, 0, 3, 1], "texture": "#1"},
				"west": {"uv": [2, 0, 3, 1], "texture": "#1"},
				"up": {"uv": [2, 0, 3, 1], "texture": "#1"},
				"down": {"uv": [2, 0, 3, 1], "texture": "#1"}
			}
		},
		{
			"name": "Headstock",
			"from": [12.31287, 22.36807, 8.02199],
			"to": [12.96207, 22.55356, 8.30429],
			"rotation": {"angle": 22.5, "axis": "z", "origin": [8, 13.13554, 8.22613]},
			"faces": {
				"north": {"uv": [2, 0, 3, 1], "texture": "#1"},
				"east": {"uv": [2, 0, 3, 1], "texture": "#1"},
				"south": {"uv": [2, 0, 3, 1], "texture": "#1"},
				"west": {"uv": [2, 0, 3, 1], "texture": "#1"},
				"up": {"uv": [2, 0, 3, 1], "texture": "#1"},
				"down": {"uv": [2, 0, 3, 1], "texture": "#1"}
			}
		},
		{
			"name": "Headstock",
			"from": [15.17425, 19.2721, 7.83379],
			"to": [15.35973, 19.45759, 8.21019],
			"rotation": {"angle": 45, "axis": "z", "origin": [8, 13.13554, 8.22613]},
			"faces": {
				"north": {"uv": [2, 0, 3, 1], "texture": "#1"},
				"east": {"uv": [2, 0, 3, 1], "texture": "#1"},
				"south": {"uv": [2, 0, 3, 1], "texture": "#1"},
				"west": {"uv": [2, 0, 3, 1], "texture": "#1"},
				"up": {"uv": [2, 0, 3, 1], "texture": "#1"},
				"down": {"uv": [2, 0, 3, 1], "texture": "#1"}
			}
		},
		{
			"name": "Headstock",
			"from": [12.31287, 21.62612, 8.02199],
			"to": [12.96207, 21.8116, 8.30429],
			"rotation": {"angle": 22.5, "axis": "z", "origin": [8, 13.13554, 8.22613]},
			"faces": {
				"north": {"uv": [2, 0, 3, 1], "texture": "#1"},
				"east": {"uv": [2, 0, 3, 1], "texture": "#1"},
				"south": {"uv": [2, 0, 3, 1], "texture": "#1"},
				"west": {"uv": [2, 0, 3, 1], "texture": "#1"},
				"up": {"uv": [2, 0, 3, 1], "texture": "#1"},
				"down": {"uv": [2, 0, 3, 1], "texture": "#1"}
			}
		},
		{
			"name": "Nut",
			"from": [7.01909, 21.41298, 7.62601],
			"to": [8.87397, 21.50573, 8.00241],
			"rotation": {"angle": 0, "axis": "y", "origin": [8, 13.13554, 8.22613]},
			"faces": {
				"north": {"uv": [2, 0, 3, 1], "texture": "#1"},
				"east": {"uv": [2, 0, 3, 1], "texture": "#1"},
				"south": {"uv": [2, 0, 3, 1], "texture": "#1"},
				"west": {"uv": [2, 0, 3, 1], "texture": "#1"},
				"up": {"uv": [2, 0, 3, 1], "texture": "#1"},
				"down": {"uv": [2, 0, 3, 1], "texture": "#1"}
			}
		},
		{
			"name": "Nut",
			"from": [7.11909, 17.94076, 2.61528],
			"to": [8.77397, 18.03486, 2.85528],
			"rotation": {"angle": 45, "axis": "x", "origin": [8, 13.13554, 8.22613]},
			"faces": {
				"north": {"uv": [2, 0, 3, 1], "texture": "#1"},
				"east": {"uv": [2, 0, 3, 1], "texture": "#1"},
				"south": {"uv": [2, 0, 3, 1], "texture": "#1"},
				"west": {"uv": [2, 0, 3, 1], "texture": "#1"},
				"up": {"uv": [2, 0, 3, 1], "texture": "#1"},
				"down": {"uv": [2, 0, 3, 1], "texture": "#1"}
			}
		},
		{
			"name": "Nut",
			"from": [7.11909, 17.34076, 3.21528],
			"to": [8.77397, 17.43486, 3.45528],
			"rotation": {"angle": 45, "axis": "x", "origin": [8, 13.13554, 8.22613]},
			"faces": {
				"north": {"uv": [2, 0, 3, 1], "texture": "#1"},
				"east": {"uv": [2, 0, 3, 1], "texture": "#1"},
				"south": {"uv": [2, 0, 3, 1], "texture": "#1"},
				"west": {"uv": [2, 0, 3, 1], "texture": "#1"},
				"up": {"uv": [2, 0, 3, 1], "texture": "#1"},
				"down": {"uv": [2, 0, 3, 1], "texture": "#1"}
			}
		},
		{
			"name": "Nut",
			"from": [7.11909, 16.74076, 3.81528],
			"to": [8.77397, 16.83486, 4.05528],
			"rotation": {"angle": 45, "axis": "x", "origin": [8, 13.13554, 8.22613]},
			"faces": {
				"north": {"uv": [2, 0, 3, 1], "texture": "#1"},
				"east": {"uv": [2, 0, 3, 1], "texture": "#1"},
				"south": {"uv": [2, 0, 3, 1], "texture": "#1"},
				"west": {"uv": [2, 0, 3, 1], "texture": "#1"},
				"up": {"uv": [2, 0, 3, 1], "texture": "#1"},
				"down": {"uv": [2, 0, 3, 1], "texture": "#1"}
			}
		},
		{
			"name": "Nut",
			"from": [7.11909, 16.14076, 4.41528],
			"to": [8.77397, 16.23486, 4.65528],
			"rotation": {"angle": 45, "axis": "x", "origin": [8, 13.13554, 8.22613]},
			"faces": {
				"north": {"uv": [2, 0, 3, 1], "texture": "#1"},
				"east": {"uv": [2, 0, 3, 1], "texture": "#1"},
				"south": {"uv": [2, 0, 3, 1], "texture": "#1"},
				"west": {"uv": [2, 0, 3, 1], "texture": "#1"},
				"up": {"uv": [2, 0, 3, 1], "texture": "#1"},
				"down": {"uv": [2, 0, 3, 1], "texture": "#1"}
			}
		},
		{
			"name": "Nut",
			"from": [7.11909, 15.64076, 4.91528],
			"to": [8.77397, 15.73486, 5.15528],
			"rotation": {"angle": 45, "axis": "x", "origin": [8, 13.13554, 8.22613]},
			"faces": {
				"north": {"uv": [2, 0, 3, 1], "texture": "#1"},
				"east": {"uv": [2, 0, 3, 1], "texture": "#1"},
				"south": {"uv": [2, 0, 3, 1], "texture": "#1"},
				"west": {"uv": [2, 0, 3, 1], "texture": "#1"},
				"up": {"uv": [2, 0, 3, 1], "texture": "#1"},
				"down": {"uv": [2, 0, 3, 1], "texture": "#1"}
			}
		},
		{
			"name": "Nut",
			"from": [7.11909, 15.24076, 5.31528],
			"to": [8.77397, 15.33486, 5.55528],
			"rotation": {"angle": 45, "axis": "x", "origin": [8, 13.13554, 8.22613]},
			"faces": {
				"north": {"uv": [2, 0, 3, 1], "texture": "#1"},
				"east": {"uv": [2, 0, 3, 1], "texture": "#1"},
				"south": {"uv": [2, 0, 3, 1], "texture": "#1"},
				"west": {"uv": [2, 0, 3, 1], "texture": "#1"},
				"up": {"uv": [2, 0, 3, 1], "texture": "#1"},
				"down": {"uv": [2, 0, 3, 1], "texture": "#1"}
			}
		},
		{
			"name": "Nut",
			"from": [7.11909, 14.84076, 5.71528],
			"to": [8.77397, 14.93486, 5.95528],
			"rotation": {"angle": 45, "axis": "x", "origin": [8, 13.13554, 8.22613]},
			"faces": {
				"north": {"uv": [2, 0, 3, 1], "texture": "#1"},
				"east": {"uv": [2, 0, 3, 1], "texture": "#1"},
				"south": {"uv": [2, 0, 3, 1], "texture": "#1"},
				"west": {"uv": [2, 0, 3, 1], "texture": "#1"},
				"up": {"uv": [2, 0, 3, 1], "texture": "#1"},
				"down": {"uv": [2, 0, 3, 1], "texture": "#1"}
			}
		},
		{
			"name": "Nut",
			"from": [7.11909, 14.44076, 6.11528],
			"to": [8.77397, 14.53486, 6.35528],
			"rotation": {"angle": 45, "axis": "x", "origin": [8, 13.13554, 8.22613]},
			"faces": {
				"north": {"uv": [2, 0, 3, 1], "texture": "#1"},
				"east": {"uv": [2, 0, 3, 1], "texture": "#1"},
				"south": {"uv": [2, 0, 3, 1], "texture": "#1"},
				"west": {"uv": [2, 0, 3, 1], "texture": "#1"},
				"up": {"uv": [2, 0, 3, 1], "texture": "#1"},
				"down": {"uv": [2, 0, 3, 1], "texture": "#1"}
			}
		},
		{
			"name": "Nut",
			"from": [7.11909, 14.14076, 6.41528],
			"to": [8.77397, 14.23486, 6.65528],
			"rotation": {"angle": 45, "axis": "x", "origin": [8, 13.13554, 8.22613]},
			"faces": {
				"north": {"uv": [2, 0, 3, 1], "texture": "#1"},
				"east": {"uv": [2, 0, 3, 1], "texture": "#1"},
				"south": {"uv": [2, 0, 3, 1], "texture": "#1"},
				"west": {"uv": [2, 0, 3, 1], "texture": "#1"},
				"up": {"uv": [2, 0, 3, 1], "texture": "#1"},
				"down": {"uv": [2, 0, 3, 1], "texture": "#1"}
			}
		},
		{
			"name": "Nut",
			"from": [7.11909, 13.84076, 6.71528],
			"to": [8.77397, 13.93486, 6.95528],
			"rotation": {"angle": 45, "axis": "x", "origin": [8, 13.13554, 8.22613]},
			"faces": {
				"north": {"uv": [2, 0, 3, 1], "texture": "#1"},
				"east": {"uv": [2, 0, 3, 1], "texture": "#1"},
				"south": {"uv": [2, 0, 3, 1], "texture": "#1"},
				"west": {"uv": [2, 0, 3, 1], "texture": "#1"},
				"up": {"uv": [2, 0, 3, 1], "texture": "#1"},
				"down": {"uv": [2, 0, 3, 1], "texture": "#1"}
			}
		},
		{
			"name": "Nut",
			"from": [7.11909, 13.54076, 7.01528],
			"to": [8.77397, 13.63486, 7.25528],
			"rotation": {"angle": 45, "axis": "x", "origin": [8, 13.13554, 8.22613]},
			"faces": {
				"north": {"uv": [2, 0, 3, 1], "texture": "#1"},
				"east": {"uv": [2, 0, 3, 1], "texture": "#1"},
				"south": {"uv": [2, 0, 3, 1], "texture": "#1"},
				"west": {"uv": [2, 0, 3, 1], "texture": "#1"},
				"up": {"uv": [2, 0, 3, 1], "texture": "#1"},
				"down": {"uv": [2, 0, 3, 1], "texture": "#1"}
			}
		},
		{
			"name": "Nut",
			"from": [7.11909, 13.24076, 7.31528],
			"to": [8.77397, 13.33486, 7.55528],
			"rotation": {"angle": 45, "axis": "x", "origin": [8, 13.13554, 8.22613]},
			"faces": {
				"north": {"uv": [2, 0, 3, 1], "texture": "#1"},
				"east": {"uv": [2, 0, 3, 1], "texture": "#1"},
				"south": {"uv": [2, 0, 3, 1], "texture": "#1"},
				"west": {"uv": [2, 0, 3, 1], "texture": "#1"},
				"up": {"uv": [2, 0, 3, 1], "texture": "#1"},
				"down": {"uv": [2, 0, 3, 1], "texture": "#1"}
			}
		},
		{
			"name": "Nut",
			"from": [7.11909, 12.94076, 7.61528],
			"to": [8.77397, 13.03486, 7.85528],
			"rotation": {"angle": 45, "axis": "x", "origin": [8, 13.13554, 8.22613]},
			"faces": {
				"north": {"uv": [2, 0, 3, 1], "texture": "#1"},
				"east": {"uv": [2, 0, 3, 1], "texture": "#1"},
				"south": {"uv": [2, 0, 3, 1], "texture": "#1"},
				"west": {"uv": [2, 0, 3, 1], "texture": "#1"},
				"up": {"uv": [2, 0, 3, 1], "texture": "#1"},
				"down": {"uv": [2, 0, 3, 1], "texture": "#1"}
			}
		},
		{
			"name": "Nut",
			"from": [7.11909, 12.64076, 7.91528],
			"to": [8.77397, 12.73486, 8.15528],
			"rotation": {"angle": 45, "axis": "x", "origin": [8, 13.13554, 8.22613]},
			"faces": {
				"north": {"uv": [2, 0, 3, 1], "texture": "#1"},
				"east": {"uv": [2, 0, 3, 1], "texture": "#1"},
				"south": {"uv": [2, 0, 3, 1], "texture": "#1"},
				"west": {"uv": [2, 0, 3, 1], "texture": "#1"},
				"up": {"uv": [2, 0, 3, 1], "texture": "#1"},
				"down": {"uv": [2, 0, 3, 1], "texture": "#1"}
			}
		},
		{
			"name": "Nut",
			"from": [7.11909, 12.04076, 8.51528],
			"to": [8.77397, 12.13486, 8.75528],
			"rotation": {"angle": 45, "axis": "x", "origin": [8, 13.13554, 8.22613]},
			"faces": {
				"north": {"uv": [2, 0, 3, 1], "texture": "#1"},
				"east": {"uv": [2, 0, 3, 1], "texture": "#1"},
				"south": {"uv": [2, 0, 3, 1], "texture": "#1"},
				"west": {"uv": [2, 0, 3, 1], "texture": "#1"},
				"up": {"uv": [2, 0, 3, 1], "texture": "#1"},
				"down": {"uv": [2, 0, 3, 1], "texture": "#1"}
			}
		},
		{
			"name": "Nut",
			"from": [7.11909, 12.34076, 8.21528],
			"to": [8.77397, 12.43486, 8.45528],
			"rotation": {"angle": 45, "axis": "x", "origin": [8, 13.13554, 8.22613]},
			"faces": {
				"north": {"uv": [2, 0, 3, 1], "texture": "#1"},
				"east": {"uv": [2, 0, 3, 1], "texture": "#1"},
				"south": {"uv": [2, 0, 3, 1], "texture": "#1"},
				"west": {"uv": [2, 0, 3, 1], "texture": "#1"},
				"up": {"uv": [2, 0, 3, 1], "texture": "#1"},
				"down": {"uv": [2, 0, 3, 1], "texture": "#1"}
			}
		},
		{
			"name": "Nut",
			"from": [7.11909, 11.74076, 8.81528],
			"to": [8.77397, 11.83486, 9.05528],
			"rotation": {"angle": 45, "axis": "x", "origin": [8, 13.13554, 8.22613]},
			"faces": {
				"north": {"uv": [2, 0, 3, 1], "texture": "#1"},
				"east": {"uv": [2, 0, 3, 1], "texture": "#1"},
				"south": {"uv": [2, 0, 3, 1], "texture": "#1"},
				"west": {"uv": [2, 0, 3, 1], "texture": "#1"},
				"up": {"uv": [2, 0, 3, 1], "texture": "#1"},
				"down": {"uv": [2, 0, 3, 1], "texture": "#1"}
			}
		},
		{
			"name": "Nut",
			"from": [7.11909, 11.44076, 9.11528],
			"to": [8.77397, 11.53486, 9.35528],
			"rotation": {"angle": 45, "axis": "x", "origin": [8, 13.13554, 8.22613]},
			"faces": {
				"north": {"uv": [2, 0, 3, 1], "texture": "#1"},
				"east": {"uv": [2, 0, 3, 1], "texture": "#1"},
				"south": {"uv": [2, 0, 3, 1], "texture": "#1"},
				"west": {"uv": [2, 0, 3, 1], "texture": "#1"},
				"up": {"uv": [2, 0, 3, 1], "texture": "#1"},
				"down": {"uv": [2, 0, 3, 1], "texture": "#1"}
			}
		},
		{
			"name": "Nut",
			"from": [7.11909, 11.14076, 9.41528],
			"to": [8.77397, 11.23486, 9.65528],
			"rotation": {"angle": 45, "axis": "x", "origin": [8, 13.13554, 8.22613]},
			"faces": {
				"north": {"uv": [2, 0, 3, 1], "texture": "#1"},
				"east": {"uv": [2, 0, 3, 1], "texture": "#1"},
				"south": {"uv": [2, 0, 3, 1], "texture": "#1"},
				"west": {"uv": [2, 0, 3, 1], "texture": "#1"},
				"up": {"uv": [2, 0, 3, 1], "texture": "#1"},
				"down": {"uv": [2, 0, 3, 1], "texture": "#1"}
			}
		},
		{
			"name": "Nut",
			"from": [7.11909, 10.54076, 10.01528],
			"to": [8.77397, 10.63486, 10.25528],
			"rotation": {"angle": 45, "axis": "x", "origin": [8, 13.13554, 8.22613]},
			"faces": {
				"north": {"uv": [2, 0, 3, 1], "texture": "#1"},
				"east": {"uv": [2, 0, 3, 1], "texture": "#1"},
				"south": {"uv": [2, 0, 3, 1], "texture": "#1"},
				"west": {"uv": [2, 0, 3, 1], "texture": "#1"},
				"up": {"uv": [2, 0, 3, 1], "texture": "#1"},
				"down": {"uv": [2, 0, 3, 1], "texture": "#1"}
			}
		},
		{
			"name": "Nut",
			"from": [7.11909, 10.84076, 9.71528],
			"to": [8.77397, 10.93486, 9.95528],
			"rotation": {"angle": 45, "axis": "x", "origin": [8, 13.13554, 8.22613]},
			"faces": {
				"north": {"uv": [2, 0, 3, 1], "texture": "#1"},
				"east": {"uv": [2, 0, 3, 1], "texture": "#1"},
				"south": {"uv": [2, 0, 3, 1], "texture": "#1"},
				"west": {"uv": [2, 0, 3, 1], "texture": "#1"},
				"up": {"uv": [2, 0, 3, 1], "texture": "#1"},
				"down": {"uv": [2, 0, 3, 1], "texture": "#1"}
			}
		},
		{
			"name": "Nut",
			"from": [7.11909, 10.24076, 10.31528],
			"to": [8.77397, 10.33486, 10.55528],
			"rotation": {"angle": 45, "axis": "x", "origin": [8, 13.13554, 8.22613]},
			"faces": {
				"north": {"uv": [2, 0, 3, 1], "texture": "#1"},
				"east": {"uv": [2, 0, 3, 1], "texture": "#1"},
				"south": {"uv": [2, 0, 3, 1], "texture": "#1"},
				"west": {"uv": [2, 0, 3, 1], "texture": "#1"},
				"up": {"uv": [2, 0, 3, 1], "texture": "#1"},
				"down": {"uv": [2, 0, 3, 1], "texture": "#1"}
			}
		},
		{
			"name": "Filler",
			"from": [3.41507, 9.54253, 8.001],
			"to": [4.26995, 13.29247, 9.196],
			"rotation": {"angle": 22.5, "axis": "z", "origin": [8, 13.13554, 8.22613]},
			"faces": {
				"north": {"uv": [1, 0, 2, 1], "texture": "#1"},
				"east": {"uv": [1, 0, 2, 1], "texture": "#1"},
				"south": {"uv": [1, 0, 2, 1], "texture": "#1"},
				"west": {"uv": [1, 0, 2, 1], "texture": "#1"},
				"up": {"uv": [1, 0, 2, 1], "texture": "#1"},
				"down": {"uv": [1, 0, 2, 1], "texture": "#1"}
			}
		},
		{
			"name": "Filler",
			"from": [6.30371, 1.20567, 8.002],
			"to": [10.85859, 11.35561, 9.197],
			"rotation": {"angle": 0, "axis": "y", "origin": [8, 13.13554, 8.22613]},
			"faces": {
				"north": {"uv": [1, 0, 2, 1], "texture": "#1"},
				"east": {"uv": [1, 0, 2, 1], "texture": "#1"},
				"south": {"uv": [1, 0, 2, 1], "texture": "#1"},
				"west": {"uv": [1, 0, 2, 1], "texture": "#1"},
				"up": {"uv": [1, 0, 2, 1], "texture": "#1"},
				"down": {"uv": [1, 0, 2, 1], "texture": "#1"}
			}
		},
		{
			"name": "Filler",
			"from": [5.91281, 1.40567, 8.004],
			"to": [6.46769, 11.05561, 9.199],
			"rotation": {"angle": 0, "axis": "y", "origin": [8, 13.13554, 8.22613]},
			"faces": {
				"north": {"uv": [1, 0, 2, 1], "texture": "#1"},
				"east": {"uv": [1, 0, 2, 1], "texture": "#1"},
				"south": {"uv": [1, 0, 2, 1], "texture": "#1"},
				"west": {"uv": [1, 0, 2, 1], "texture": "#1"},
				"up": {"uv": [1, 0, 2, 1], "texture": "#1"},
				"down": {"uv": [1, 0, 2, 1], "texture": "#1"}
			}
		},
		{
			"name": "Filler",
			"from": [11.2444, 9.46411, 8.001],
			"to": [13.09434, 12.16411, 9.196],
			"rotation": {"angle": -22.5, "axis": "z", "origin": [8, 13.13554, 8.22613]},
			"faces": {
				"north": {"uv": [1, 0, 2, 1], "texture": "#1"},
				"east": {"uv": [1, 0, 2, 1], "texture": "#1"},
				"south": {"uv": [1, 0, 2, 1], "texture": "#1"},
				"west": {"uv": [1, 0, 2, 1], "texture": "#1"},
				"up": {"uv": [1, 0, 2, 1], "texture": "#1"},
				"down": {"uv": [1, 0, 2, 1], "texture": "#1"}
			}
		},
		{
			"name": "Filler",
			"from": [10.7444, 12.16411, 8.001],
			"to": [12.7244, 12.95411, 9.196],
			"rotation": {"angle": -22.5, "axis": "z", "origin": [8, 13.13554, 8.22613]},
			"faces": {
				"north": {"uv": [1, 0, 2, 1], "texture": "#1"},
				"east": {"uv": [1, 0, 2, 1], "texture": "#1"},
				"south": {"uv": [1, 0, 2, 1], "texture": "#1"},
				"west": {"uv": [1, 0, 2, 1], "texture": "#1"},
				"up": {"uv": [1, 0, 2, 1], "texture": "#1"},
				"down": {"uv": [1, 0, 2, 1], "texture": "#1"}
			}
		},
		{
			"name": "Filler",
			"from": [1.9075, 2.84212, 8.001],
			"to": [4.16238, 5.59206, 9.196],
			"rotation": {"angle": 45, "axis": "z", "origin": [8, 13.13554, 8.22613]},
			"faces": {
				"north": {"uv": [1, 0, 2, 1], "texture": "#1"},
				"east": {"uv": [1, 0, 2, 1], "texture": "#1"},
				"south": {"uv": [1, 0, 2, 1], "texture": "#1"},
				"west": {"uv": [1, 0, 2, 1], "texture": "#1"},
				"up": {"uv": [1, 0, 2, 1], "texture": "#1"},
				"down": {"uv": [1, 0, 2, 1], "texture": "#1"}
			}
		},
		{
			"name": "Filler",
			"from": [7.72296, 1.46821, 8.001],
			"to": [11.07784, 5.71815, 9.196],
			"rotation": {"angle": -22.5, "axis": "z", "origin": [8, 13.13554, 8.22613]},
			"faces": {
				"north": {"uv": [1, 0, 2, 1], "texture": "#1"},
				"east": {"uv": [1, 0, 2, 1], "texture": "#1"},
				"south": {"uv": [1, 0, 2, 1], "texture": "#1"},
				"west": {"uv": [1, 0, 2, 1], "texture": "#1"},
				"up": {"uv": [1, 0, 2, 1], "texture": "#1"},
				"down": {"uv": [1, 0, 2, 1], "texture": "#1"}
			}
		},
		{
			"name": "Filler",
			"from": [4.95793, 1.70567, 8.002],
			"to": [5.91281, 11.05561, 9.197],
			"rotation": {"angle": 0, "axis": "y", "origin": [8, 13.13554, 8.22613]},
			"faces": {
				"north": {"uv": [1, 0, 2, 1], "texture": "#1"},
				"east": {"uv": [1, 0, 2, 1], "texture": "#1"},
				"south": {"uv": [1, 0, 2, 1], "texture": "#1"},
				"west": {"uv": [1, 0, 2, 1], "texture": "#1"},
				"up": {"uv": [1, 0, 2, 1], "texture": "#1"},
				"down": {"uv": [1, 0, 2, 1], "texture": "#1"}
			}
		},
		{
			"name": "Filler",
			"from": [0.01502, 2.78762, 8.001],
			"to": [0.5699, 4.73756, 9.196],
			"rotation": {"angle": 22.5, "axis": "z", "origin": [8, 13.13554, 8.22613]},
			"faces": {
				"north": {"uv": [1, 0, 2, 1], "texture": "#1"},
				"east": {"uv": [1, 0, 2, 1], "texture": "#1"},
				"south": {"uv": [1, 0, 2, 1], "texture": "#1"},
				"west": {"uv": [1, 0, 2, 1], "texture": "#1"},
				"up": {"uv": [1, 0, 2, 1], "texture": "#1"},
				"down": {"uv": [1, 0, 2, 1], "texture": "#1"}
			}
		},
		{
			"name": "Filler",
			"from": [0.41502, 3.78762, 8.001],
			"to": [0.9699, 4.93756, 9.196],
			"rotation": {"angle": 22.5, "axis": "z", "origin": [8, 13.13554, 8.22613]},
			"faces": {
				"north": {"uv": [1, 0, 2, 1], "texture": "#1"},
				"east": {"uv": [1, 0, 2, 1], "texture": "#1"},
				"south": {"uv": [1, 0, 2, 1], "texture": "#1"},
				"west": {"uv": [1, 0, 2, 1], "texture": "#1"},
				"up": {"uv": [1, 0, 2, 1], "texture": "#1"},
				"down": {"uv": [1, 0, 2, 1], "texture": "#1"}
			}
		},
		{
			"name": "Pickup Case",
			"from": [6.70793, 7.97142, 7.81086],
			"to": [9.10793, 9.17142, 8.61086],
			"rotation": {"angle": 0, "axis": "y", "origin": [8, 13.13554, 8.22613]},
			"faces": {
				"north": {"uv": [4, 0, 5, 1], "texture": "#1"},
				"east": {"uv": [4, 0, 5, 1], "texture": "#1"},
				"south": {"uv": [4, 0, 5, 1], "texture": "#1"},
				"west": {"uv": [4, 0, 5, 1], "texture": "#1"},
				"up": {"uv": [4, 0, 5, 1], "texture": "#1"},
				"down": {"uv": [4, 0, 5, 1], "texture": "#1"}
			}
		},
		{
			"name": "Bod",
			"from": [9.3597, 11.71993, 7.975],
			"to": [9.87311, 12.07664, 9.225],
			"rotation": {"angle": -22.5, "axis": "z", "origin": [8, 13.13554, 8.22613]},
			"faces": {
				"north": {"uv": [0, 0, 1, 1], "texture": "#1"},
				"east": {"uv": [0, 0, 1, 1], "texture": "#1"},
				"south": {"uv": [0, 0, 1, 1], "texture": "#1"},
				"west": {"uv": [0, 0, 1, 1], "texture": "#1"},
				"up": {"uv": [0, 0, 1, 1], "texture": "#1"},
				"down": {"uv": [0, 0, 1, 1], "texture": "#1"}
			}
		},
		{
			"name": "Bod",
			"from": [8.76973, 10.62523, 7.975],
			"to": [9.38315, 10.98194, 9.225],
			"rotation": {"angle": 22.5, "axis": "z", "origin": [8, 13.13554, 8.22613]},
			"faces": {
				"north": {"uv": [0, 0, 1, 1], "texture": "#1"},
				"east": {"uv": [0, 0, 1, 1], "texture": "#1"},
				"south": {"uv": [0, 0, 1, 1], "texture": "#1"},
				"west": {"uv": [0, 0, 1, 1], "texture": "#1"},
				"up": {"uv": [0, 0, 1, 1], "texture": "#1"},
				"down": {"uv": [0, 0, 1, 1], "texture": "#1"}
			}
		},
		{
			"name": "Bod",
			"from": [9.7639, 9.69767, 7.975],
			"to": [9.8339, 9.85438, 9.225],
			"rotation": {"angle": 45, "axis": "z", "origin": [8, 13.13554, 8.22613]},
			"faces": {
				"north": {"uv": [0, 0, 1, 1], "texture": "#1"},
				"east": {"uv": [0, 0, 1, 1], "texture": "#1"},
				"south": {"uv": [0, 0, 1, 1], "texture": "#1"},
				"west": {"uv": [0, 0, 1, 1], "texture": "#1"},
				"up": {"uv": [0, 0, 1, 1], "texture": "#1"},
				"down": {"uv": [0, 0, 1, 1], "texture": "#1"}
			}
		},
		{
			"name": "Bod",
			"from": [11.56162, 11.78685, 7.975],
			"to": [11.68162, 12.04356, 9.225],
			"rotation": {"angle": 0, "axis": "y", "origin": [8, 13.13554, 8.22613]},
			"faces": {
				"north": {"uv": [0, 0, 1, 1], "texture": "#1"},
				"east": {"uv": [0, 0, 1, 1], "texture": "#1"},
				"south": {"uv": [0, 0, 1, 1], "texture": "#1"},
				"west": {"uv": [0, 0, 1, 1], "texture": "#1"},
				"up": {"uv": [0, 0, 1, 1], "texture": "#1"},
				"down": {"uv": [0, 0, 1, 1], "texture": "#1"}
			}
		},
		{
			"name": "Bod",
			"from": [10.86975, 10.74924, 7.975],
			"to": [10.93975, 10.80595, 9.225],
			"rotation": {"angle": 22.5, "axis": "z", "origin": [8, 13.13554, 8.22613]},
			"faces": {
				"north": {"uv": [0, 0, 1, 1], "texture": "#1"},
				"east": {"uv": [0, 0, 1, 1], "texture": "#1"},
				"south": {"uv": [0, 0, 1, 1], "texture": "#1"},
				"west": {"uv": [0, 0, 1, 1], "texture": "#1"},
				"up": {"uv": [0, 0, 1, 1], "texture": "#1"},
				"down": {"uv": [0, 0, 1, 1], "texture": "#1"}
			}
		},
		{
			"name": "Bod",
			"from": [11.67649, 13.53639, 7.975],
			"to": [11.73319, 13.5742, 9.225],
			"rotation": {"angle": -22.5, "axis": "z", "origin": [8, 13.13554, 8.22613]},
			"faces": {
				"north": {"uv": [0, 0, 1, 1], "texture": "#1"},
				"east": {"uv": [0, 0, 1, 1], "texture": "#1"},
				"south": {"uv": [0, 0, 1, 1], "texture": "#1"},
				"west": {"uv": [0, 0, 1, 1], "texture": "#1"},
				"up": {"uv": [0, 0, 1, 1], "texture": "#1"},
				"down": {"uv": [0, 0, 1, 1], "texture": "#1"}
			}
		},
		{
			"name": "Bod",
			"from": [11.67649, 13.51749, 7.975],
			"to": [11.71429, 13.5742, 9.225],
			"rotation": {"angle": -22.5, "axis": "z", "origin": [8, 13.13554, 8.22613]},
			"faces": {
				"north": {"uv": [0, 0, 1, 1], "texture": "#1"},
				"east": {"uv": [0, 0, 1, 1], "texture": "#1"},
				"south": {"uv": [0, 0, 1, 1], "texture": "#1"},
				"west": {"uv": [0, 0, 1, 1], "texture": "#1"},
				"up": {"uv": [0, 0, 1, 1], "texture": "#1"},
				"down": {"uv": [0, 0, 1, 1], "texture": "#1"}
			}
		},
		{
			"name": "Bod",
			"from": [9.90532, 10.48041, 7.975],
			"to": [10.25654, 11.28834, 9.225],
			"rotation": {"angle": 22.5, "axis": "z", "origin": [8, 13.13554, 8.22613]},
			"faces": {
				"north": {"uv": [0, 0, 1, 1], "texture": "#1"},
				"east": {"uv": [0, 0, 1, 1], "texture": "#1"},
				"south": {"uv": [0, 0, 1, 1], "texture": "#1"},
				"west": {"uv": [0, 0, 1, 1], "texture": "#1"},
				"up": {"uv": [0, 0, 1, 1], "texture": "#1"},
				"down": {"uv": [0, 0, 1, 1], "texture": "#1"}
			}
		},
		{
			"name": "Bod",
			"from": [10.53114, 12.65061, 7.975],
			"to": [10.88236, 13.35854, 9.225],
			"rotation": {"angle": -22.5, "axis": "z", "origin": [8, 13.13554, 8.22613]},
			"faces": {
				"north": {"uv": [0, 0, 1, 1], "texture": "#1"},
				"east": {"uv": [0, 0, 1, 1], "texture": "#1"},
				"south": {"uv": [0, 0, 1, 1], "texture": "#1"},
				"west": {"uv": [0, 0, 1, 1], "texture": "#1"},
				"up": {"uv": [0, 0, 1, 1], "texture": "#1"},
				"down": {"uv": [0, 0, 1, 1], "texture": "#1"}
			}
		},
		{
			"name": "Bod",
			"from": [11.98167, 10.00188, 7.975],
			"to": [12.58167, 10.47749, 9.225],
			"rotation": {"angle": 0, "axis": "y", "origin": [8, 13.13554, 8.22613]},
			"faces": {
				"north": {"uv": [0, 0, 1, 1], "texture": "#1"},
				"east": {"uv": [0, 0, 1, 1], "texture": "#1"},
				"south": {"uv": [0, 0, 1, 1], "texture": "#1"},
				"west": {"uv": [0, 0, 1, 1], "texture": "#1"},
				"up": {"uv": [0, 0, 1, 1], "texture": "#1"},
				"down": {"uv": [0, 0, 1, 1], "texture": "#1"}
			}
		},
		{
			"name": "Bod",
			"from": [10.57792, 8.9265, 7.975],
			"to": [11.21572, 10.1643, 9.225],
			"rotation": {"angle": 22.5, "axis": "z", "origin": [8, 13.13554, 8.22613]},
			"faces": {
				"north": {"uv": [0, 0, 1, 1], "texture": "#1"},
				"east": {"uv": [0, 0, 1, 1], "texture": "#1"},
				"south": {"uv": [0, 0, 1, 1], "texture": "#1"},
				"west": {"uv": [0, 0, 1, 1], "texture": "#1"},
				"up": {"uv": [0, 0, 1, 1], "texture": "#1"},
				"down": {"uv": [0, 0, 1, 1], "texture": "#1"}
			}
		},
		{
			"name": "Bod",
			"from": [9.29609, 9.15987, 7.975],
			"to": [9.8339, 9.69767, 9.225],
			"rotation": {"angle": 45, "axis": "z", "origin": [8, 13.13554, 8.22613]},
			"faces": {
				"north": {"uv": [0, 0, 1, 1], "texture": "#1"},
				"east": {"uv": [0, 0, 1, 1], "texture": "#1"},
				"south": {"uv": [0, 0, 1, 1], "texture": "#1"},
				"west": {"uv": [0, 0, 1, 1], "texture": "#1"},
				"up": {"uv": [0, 0, 1, 1], "texture": "#1"},
				"down": {"uv": [0, 0, 1, 1], "texture": "#1"}
			}
		},
		{
			"name": "Bod",
			"from": [8.31721, 10.28701, 7.975],
			"to": [8.65501, 10.62482, 9.225],
			"rotation": {"angle": 45, "axis": "z", "origin": [8, 13.13554, 8.22613]},
			"faces": {
				"north": {"uv": [0, 0, 1, 1], "texture": "#1"},
				"east": {"uv": [0, 0, 1, 1], "texture": "#1"},
				"south": {"uv": [0, 0, 1, 1], "texture": "#1"},
				"west": {"uv": [0, 0, 1, 1], "texture": "#1"},
				"up": {"uv": [0, 0, 1, 1], "texture": "#1"},
				"down": {"uv": [0, 0, 1, 1], "texture": "#1"}
			}
		},
		{
			"name": "Bod",
			"from": [9.1888, 11.11088, 7.975],
			"to": [9.67179, 11.46759, 9.225],
			"rotation": {"angle": 0, "axis": "y", "origin": [8, 13.13554, 8.22613]},
			"faces": {
				"north": {"uv": [0, 0, 1, 1], "texture": "#1"},
				"east": {"uv": [0, 0, 1, 1], "texture": "#1"},
				"south": {"uv": [0, 0, 1, 1], "texture": "#1"},
				"west": {"uv": [0, 0, 1, 1], "texture": "#1"},
				"up": {"uv": [0, 0, 1, 1], "texture": "#1"},
				"down": {"uv": [0, 0, 1, 1], "texture": "#1"}
			}
		},
		{
			"name": "Bod",
			"from": [6.49975, 11.28569, 7.975],
			"to": [8.85098, 11.63691, 9.225],
			"rotation": {"angle": 0, "axis": "y", "origin": [8, 13.13554, 8.22613]},
			"faces": {
				"north": {"uv": [0, 0, 1, 1], "texture": "#1"},
				"east": {"uv": [0, 0, 1, 1], "texture": "#1"},
				"south": {"uv": [0, 0, 1, 1], "texture": "#1"},
				"west": {"uv": [0, 0, 1, 1], "texture": "#1"},
				"up": {"uv": [0, 0, 1, 1], "texture": "#1"},
				"down": {"uv": [0, 0, 1, 1], "texture": "#1"}
			}
		},
		{
			"name": "Bod",
			"from": [2.93237, 8.96259, 7.975],
			"to": [3.48359, 12.61381, 9.225],
			"rotation": {"angle": 22.5, "axis": "z", "origin": [8, 13.13554, 8.22613]},
			"faces": {
				"north": {"uv": [0, 0, 1, 1], "texture": "#1"},
				"east": {"uv": [0, 0, 1, 1], "texture": "#1"},
				"south": {"uv": [0, 0, 1, 1], "texture": "#1"},
				"west": {"uv": [0, 0, 1, 1], "texture": "#1"},
				"up": {"uv": [0, 0, 1, 1], "texture": "#1"},
				"down": {"uv": [0, 0, 1, 1], "texture": "#1"}
			}
		},
		{
			"name": "Bod",
			"from": [4.91504, 6.48971, 7.975],
			"to": [5.46626, 7.54093, 9.225],
			"rotation": {"angle": 0, "axis": "y", "origin": [8, 13.13554, 8.22613]},
			"faces": {
				"north": {"uv": [0, 0, 1, 1], "texture": "#1"},
				"east": {"uv": [0, 0, 1, 1], "texture": "#1"},
				"south": {"uv": [0, 0, 1, 1], "texture": "#1"},
				"west": {"uv": [0, 0, 1, 1], "texture": "#1"},
				"up": {"uv": [0, 0, 1, 1], "texture": "#1"},
				"down": {"uv": [0, 0, 1, 1], "texture": "#1"}
			}
		},
		{
			"name": "Bod",
			"from": [3.27819, 2.33801, 7.975],
			"to": [3.82941, 3.88923, 9.225],
			"rotation": {"angle": 0, "axis": "y", "origin": [8, 13.13554, 8.22613]},
			"faces": {
				"north": {"uv": [0, 0, 1, 1], "texture": "#1"},
				"east": {"uv": [0, 0, 1, 1], "texture": "#1"},
				"south": {"uv": [0, 0, 1, 1], "texture": "#1"},
				"west": {"uv": [0, 0, 1, 1], "texture": "#1"},
				"up": {"uv": [0, 0, 1, 1], "texture": "#1"},
				"down": {"uv": [0, 0, 1, 1], "texture": "#1"}
			}
		},
		{
			"name": "Bod",
			"from": [7.65115, 5.17475, 7.975],
			"to": [8.20238, 6.02597, 9.225],
			"rotation": {"angle": -22.5, "axis": "z", "origin": [8, 13.13554, 8.22613]},
			"faces": {
				"north": {"uv": [0, 0, 1, 1], "texture": "#1"},
				"east": {"uv": [0, 0, 1, 1], "texture": "#1"},
				"south": {"uv": [0, 0, 1, 1], "texture": "#1"},
				"west": {"uv": [0, 0, 1, 1], "texture": "#1"},
				"up": {"uv": [0, 0, 1, 1], "texture": "#1"},
				"down": {"uv": [0, 0, 1, 1], "texture": "#1"}
			}
		},
		{
			"name": "Bod",
			"from": [15.69652, 5.06128, 7.975],
			"to": [16.34774, 5.7125, 9.225],
			"rotation": {"angle": -22.5, "axis": "z", "origin": [8, 13.13554, 8.22613]},
			"faces": {
				"north": {"uv": [0, 0, 1, 1], "texture": "#1"},
				"east": {"uv": [0, 0, 1, 1], "texture": "#1"},
				"south": {"uv": [0, 0, 1, 1], "texture": "#1"},
				"west": {"uv": [0, 0, 1, 1], "texture": "#1"},
				"up": {"uv": [0, 0, 1, 1], "texture": "#1"},
				"down": {"uv": [0, 0, 1, 1], "texture": "#1"}
			}
		},
		{
			"name": "Bod",
			"from": [18.15097, 7.11921, 7.975],
			"to": [18.80219, 8.87043, 9.225],
			"rotation": {"angle": -45, "axis": "z", "origin": [8, 13.13554, 8.22613]},
			"faces": {
				"north": {"uv": [0, 0, 1, 1], "texture": "#1"},
				"east": {"uv": [0, 0, 1, 1], "texture": "#1"},
				"south": {"uv": [0, 0, 1, 1], "texture": "#1"},
				"west": {"uv": [0, 0, 1, 1], "texture": "#1"},
				"up": {"uv": [0, 0, 1, 1], "texture": "#1"},
				"down": {"uv": [0, 0, 1, 1], "texture": "#1"}
			}
		},
		{
			"name": "Bod",
			"from": [4.92424, 0.85327, 7.975],
			"to": [6.57546, 1.50449, 9.225],
			"rotation": {"angle": 22.5, "axis": "z", "origin": [8, 13.13554, 8.22613]},
			"faces": {
				"north": {"uv": [0, 0, 1, 1], "texture": "#1"},
				"east": {"uv": [0, 0, 1, 1], "texture": "#1"},
				"south": {"uv": [0, 0, 1, 1], "texture": "#1"},
				"west": {"uv": [0, 0, 1, 1], "texture": "#1"},
				"up": {"uv": [0, 0, 1, 1], "texture": "#1"},
				"down": {"uv": [0, 0, 1, 1], "texture": "#1"}
			}
		},
		{
			"name": "Bod",
			"from": [-2.41859, 6.4109, 7.975],
			"to": [-1.86737, 6.96212, 9.225],
			"rotation": {"angle": 45, "axis": "z", "origin": [8, 13.13554, 8.22613]},
			"faces": {
				"north": {"uv": [0, 0, 1, 1], "texture": "#1"},
				"east": {"uv": [0, 0, 1, 1], "texture": "#1"},
				"south": {"uv": [0, 0, 1, 1], "texture": "#1"},
				"west": {"uv": [0, 0, 1, 1], "texture": "#1"},
				"up": {"uv": [0, 0, 1, 1], "texture": "#1"},
				"down": {"uv": [0, 0, 1, 1], "texture": "#1"}
			}
		},
		{
			"name": "Bod",
			"from": [-3.52919, 6.54738, 7.975],
			"to": [-2.97797, 7.4986, 9.225],
			"rotation": {"angle": 45, "axis": "z", "origin": [8, 13.13554, 8.22613]},
			"faces": {
				"north": {"uv": [0, 0, 1, 1], "texture": "#1"},
				"east": {"uv": [0, 0, 1, 1], "texture": "#1"},
				"south": {"uv": [0, 0, 1, 1], "texture": "#1"},
				"west": {"uv": [0, 0, 1, 1], "texture": "#1"},
				"up": {"uv": [0, 0, 1, 1], "texture": "#1"},
				"down": {"uv": [0, 0, 1, 1], "texture": "#1"}
			}
		},
		{
			"name": "Bod",
			"from": [10.22574, 0.9366, 7.975],
			"to": [11.27696, 1.48783, 9.225],
			"rotation": {"angle": -22.5, "axis": "z", "origin": [8, 13.13554, 8.22613]},
			"faces": {
				"north": {"uv": [0, 0, 1, 1], "texture": "#1"},
				"east": {"uv": [0, 0, 1, 1], "texture": "#1"},
				"south": {"uv": [0, 0, 1, 1], "texture": "#1"},
				"west": {"uv": [0, 0, 1, 1], "texture": "#1"},
				"up": {"uv": [0, 0, 1, 1], "texture": "#1"},
				"down": {"uv": [0, 0, 1, 1], "texture": "#1"}
			}
		},
		{
			"name": "Bod",
			"from": [9.67463, -0.03722, 7.975],
			"to": [10.22586, 0.514, 9.225],
			"rotation": {"angle": -22.5, "axis": "z", "origin": [8, 13.13554, 8.22613]},
			"faces": {
				"north": {"uv": [0, 0, 1, 1], "texture": "#1"},
				"east": {"uv": [0, 0, 1, 1], "texture": "#1"},
				"south": {"uv": [0, 0, 1, 1], "texture": "#1"},
				"west": {"uv": [0, 0, 1, 1], "texture": "#1"},
				"up": {"uv": [0, 0, 1, 1], "texture": "#1"},
				"down": {"uv": [0, 0, 1, 1], "texture": "#1"}
			}
		},
		{
			"name": "Bod",
			"from": [7.17602, 2.78611, 7.975],
			"to": [7.72725, 4.13733, 9.225],
			"rotation": {"angle": -22.5, "axis": "z", "origin": [8, 13.13554, 8.22613]},
			"faces": {
				"north": {"uv": [0, 0, 1, 1], "texture": "#1"},
				"east": {"uv": [0, 0, 1, 1], "texture": "#1"},
				"south": {"uv": [0, 0, 1, 1], "texture": "#1"},
				"west": {"uv": [0, 0, 1, 1], "texture": "#1"},
				"up": {"uv": [0, 0, 1, 1], "texture": "#1"},
				"down": {"uv": [0, 0, 1, 1], "texture": "#1"}
			}
		},
		{
			"name": "Bod",
			"from": [-0.49442, 3.51566, 7.975],
			"to": [0.0568, 4.96688, 9.225],
			"rotation": {"angle": 22.5, "axis": "z", "origin": [8, 13.13554, 8.22613]},
			"faces": {
				"north": {"uv": [0, 0, 1, 1], "texture": "#1"},
				"east": {"uv": [0, 0, 1, 1], "texture": "#1"},
				"south": {"uv": [0, 0, 1, 1], "texture": "#1"},
				"west": {"uv": [0, 0, 1, 1], "texture": "#1"},
				"up": {"uv": [0, 0, 1, 1], "texture": "#1"},
				"down": {"uv": [0, 0, 1, 1], "texture": "#1"}
			}
		},
		{
			"name": "Bod",
			"from": [10.68221, 4.50695, 7.975],
			"to": [11.23343, 5.85818, 9.225],
			"rotation": {"angle": -45, "axis": "z", "origin": [8, 13.13554, 8.22613]},
			"faces": {
				"north": {"uv": [0, 0, 1, 1], "texture": "#1"},
				"east": {"uv": [0, 0, 1, 1], "texture": "#1"},
				"south": {"uv": [0, 0, 1, 1], "texture": "#1"},
				"west": {"uv": [0, 0, 1, 1], "texture": "#1"},
				"up": {"uv": [0, 0, 1, 1], "texture": "#1"},
				"down": {"uv": [0, 0, 1, 1], "texture": "#1"}
			}
		},
		{
			"name": "Bod",
			"from": [12.46479, 8.4964, 7.975],
			"to": [13.01601, 9.34762, 9.225],
			"rotation": {"angle": -22.5, "axis": "z", "origin": [8, 13.13554, 8.22613]},
			"faces": {
				"north": {"uv": [0, 0, 1, 1], "texture": "#1"},
				"east": {"uv": [0, 0, 1, 1], "texture": "#1"},
				"south": {"uv": [0, 0, 1, 1], "texture": "#1"},
				"west": {"uv": [0, 0, 1, 1], "texture": "#1"},
				"up": {"uv": [0, 0, 1, 1], "texture": "#1"},
				"down": {"uv": [0, 0, 1, 1], "texture": "#1"}
			}
		},
		{
			"name": "Bod",
			"from": [12.88089, 10.24253, 7.975],
			"to": [13.43211, 11.99375, 9.225],
			"rotation": {"angle": -22.5, "axis": "z", "origin": [8, 13.13554, 8.22613]},
			"faces": {
				"north": {"uv": [0, 0, 1, 1], "texture": "#1"},
				"east": {"uv": [0, 0, 1, 1], "texture": "#1"},
				"south": {"uv": [0, 0, 1, 1], "texture": "#1"},
				"west": {"uv": [0, 0, 1, 1], "texture": "#1"},
				"up": {"uv": [0, 0, 1, 1], "texture": "#1"},
				"down": {"uv": [0, 0, 1, 1], "texture": "#1"}
			}
		},
		{
			"name": "Bod",
			"from": [10.34961, 5.98971, 7.975],
			"to": [10.90083, 7.14093, 9.225],
			"rotation": {"angle": 0, "axis": "y", "origin": [8, 13.13554, 8.22613]},
			"faces": {
				"north": {"uv": [0, 0, 1, 1], "texture": "#1"},
				"east": {"uv": [0, 0, 1, 1], "texture": "#1"},
				"south": {"uv": [0, 0, 1, 1], "texture": "#1"},
				"west": {"uv": [0, 0, 1, 1], "texture": "#1"},
				"up": {"uv": [0, 0, 1, 1], "texture": "#1"},
				"down": {"uv": [0, 0, 1, 1], "texture": "#1"}
			}
		},
		{
			"name": "Bod",
			"from": [7.43617, 3.48328, 7.975],
			"to": [7.98739, 5.6345, 9.225],
			"rotation": {"angle": 22.5, "axis": "z", "origin": [8, 13.13554, 8.22613]},
			"faces": {
				"north": {"uv": [0, 0, 1, 1], "texture": "#1"},
				"east": {"uv": [0, 0, 1, 1], "texture": "#1"},
				"south": {"uv": [0, 0, 1, 1], "texture": "#1"},
				"west": {"uv": [0, 0, 1, 1], "texture": "#1"},
				"up": {"uv": [0, 0, 1, 1], "texture": "#1"},
				"down": {"uv": [0, 0, 1, 1], "texture": "#1"}
			}
		},
		{
			"name": "Bod",
			"from": [3.78533, 2.58256, 7.975],
			"to": [4.33655, 4.43378, 9.225],
			"rotation": {"angle": 45, "axis": "z", "origin": [8, 13.13554, 8.22613]},
			"faces": {
				"north": {"uv": [0, 0, 1, 1], "texture": "#1"},
				"east": {"uv": [0, 0, 1, 1], "texture": "#1"},
				"south": {"uv": [0, 0, 1, 1], "texture": "#1"},
				"west": {"uv": [0, 0, 1, 1], "texture": "#1"},
				"up": {"uv": [0, 0, 1, 1], "texture": "#1"},
				"down": {"uv": [0, 0, 1, 1], "texture": "#1"}
			}
		},
		{
			"name": "Bod",
			"from": [6.35918, 0.61115, 7.975],
			"to": [9.85859, 1.20567, 9.225],
			"rotation": {"angle": 0, "axis": "y", "origin": [8, 13.13554, 8.22613]},
			"faces": {
				"north": {"uv": [0, 0, 1, 1], "texture": "#1"},
				"east": {"uv": [0, 0, 1, 1], "texture": "#1"},
				"south": {"uv": [0, 0, 1, 1], "texture": "#1"},
				"west": {"uv": [0, 0, 1, 1], "texture": "#1"},
				"up": {"uv": [0, 0, 1, 1], "texture": "#1"},
				"down": {"uv": [0, 0, 1, 1], "texture": "#1"}
			}
		},
		{
			"name": "Bod",
			"from": [10.82804, 11.38327, 7.975],
			"to": [11.54741, 11.62108, 9.225],
			"rotation": {"angle": 0, "axis": "y", "origin": [8, 13.13554, 8.22613]},
			"faces": {
				"north": {"uv": [0, 0, 1, 1], "texture": "#1"},
				"east": {"uv": [0, 0, 1, 1], "texture": "#1"},
				"south": {"uv": [0, 0, 1, 1], "texture": "#1"},
				"west": {"uv": [0, 0, 1, 1], "texture": "#1"},
				"up": {"uv": [0, 0, 1, 1], "texture": "#1"},
				"down": {"uv": [0, 0, 1, 1], "texture": "#1"}
			}
		},
		{
			"name": "Bod",
			"from": [11.01849, 14.13235, 7.975],
			"to": [11.3752, 14.31391, 9.225],
			"rotation": {"angle": -45, "axis": "z", "origin": [8, 13.13554, 8.22613]},
			"faces": {
				"north": {"uv": [0, 0, 1, 1], "texture": "#1"},
				"east": {"uv": [0, 0, 1, 1], "texture": "#1"},
				"south": {"uv": [0, 0, 1, 1], "texture": "#1"},
				"west": {"uv": [0, 0, 1, 1], "texture": "#1"},
				"up": {"uv": [0, 0, 1, 1], "texture": "#1"},
				"down": {"uv": [0, 0, 1, 1], "texture": "#1"}
			}
		},
		{
			"name": "Bod",
			"from": [10.07499, 11.28834, 7.975],
			"to": [10.25654, 11.54504, 9.225],
			"rotation": {"angle": 22.5, "axis": "z", "origin": [8, 13.13554, 8.22613]},
			"faces": {
				"north": {"uv": [0, 0, 1, 1], "texture": "#1"},
				"east": {"uv": [0, 0, 1, 1], "texture": "#1"},
				"south": {"uv": [0, 0, 1, 1], "texture": "#1"},
				"west": {"uv": [0, 0, 1, 1], "texture": "#1"},
				"up": {"uv": [0, 0, 1, 1], "texture": "#1"},
				"down": {"uv": [0, 0, 1, 1], "texture": "#1"}
			}
		},
		{
			"name": "Bod",
			"from": [10.53114, 13.35854, 7.975],
			"to": [10.71269, 13.52854, 9.225],
			"rotation": {"angle": -22.5, "axis": "z", "origin": [8, 13.13554, 8.22613]},
			"faces": {
				"north": {"uv": [0, 0, 1, 1], "texture": "#1"},
				"east": {"uv": [0, 0, 1, 1], "texture": "#1"},
				"south": {"uv": [0, 0, 1, 1], "texture": "#1"},
				"west": {"uv": [0, 0, 1, 1], "texture": "#1"},
				"up": {"uv": [0, 0, 1, 1], "texture": "#1"},
				"down": {"uv": [0, 0, 1, 1], "texture": "#1"}
			}
		},
		{
			"name": "Bod",
			"from": [10.48886, 12.39, 7.975],
			"to": [10.69286, 12.53, 9.225],
			"rotation": {"angle": 0, "axis": "y", "origin": [8, 13.13554, 8.22613]},
			"faces": {
				"north": {"uv": [0, 0, 1, 1], "texture": "#1"},
				"east": {"uv": [0, 0, 1, 1], "texture": "#1"},
				"south": {"uv": [0, 0, 1, 1], "texture": "#1"},
				"west": {"uv": [0, 0, 1, 1], "texture": "#1"},
				"up": {"uv": [0, 0, 1, 1], "texture": "#1"},
				"down": {"uv": [0, 0, 1, 1], "texture": "#1"}
			}
		},
		{
			"name": "Bod",
			"from": [3.51778, 10.71422, 7.975],
			"to": [4.02357, 11.6057, 9.225],
			"rotation": {"angle": 0, "axis": "y", "origin": [8, 13.13554, 8.22613]},
			"faces": {
				"north": {"uv": [0, 0, 1, 1], "texture": "#1"},
				"east": {"uv": [0, 0, 1, 1], "texture": "#1"},
				"south": {"uv": [0, 0, 1, 1], "texture": "#1"},
				"west": {"uv": [0, 0, 1, 1], "texture": "#1"},
				"up": {"uv": [0, 0, 1, 1], "texture": "#1"},
				"down": {"uv": [0, 0, 1, 1], "texture": "#1"}
			}
		},
		{
			"name": "Bod",
			"from": [4.44441, 10.00687, 7.975],
			"to": [4.9502, 10.49835, 9.225],
			"rotation": {"angle": -22.5, "axis": "z", "origin": [8, 13.13554, 8.22613]},
			"faces": {
				"north": {"uv": [0, 0, 1, 1], "texture": "#1"},
				"east": {"uv": [0, 0, 1, 1], "texture": "#1"},
				"south": {"uv": [0, 0, 1, 1], "texture": "#1"},
				"west": {"uv": [0, 0, 1, 1], "texture": "#1"},
				"up": {"uv": [0, 0, 1, 1], "texture": "#1"},
				"down": {"uv": [0, 0, 1, 1], "texture": "#1"}
			}
		},
		{
			"name": "Bod",
			"from": [5.72427, 9.33843, 7.975],
			"to": [6.23007, 9.6299, 9.225],
			"rotation": {"angle": -45, "axis": "z", "origin": [8, 13.13554, 8.22613]},
			"faces": {
				"north": {"uv": [0, 0, 1, 1], "texture": "#1"},
				"east": {"uv": [0, 0, 1, 1], "texture": "#1"},
				"south": {"uv": [0, 0, 1, 1], "texture": "#1"},
				"west": {"uv": [0, 0, 1, 1], "texture": "#1"},
				"up": {"uv": [0, 0, 1, 1], "texture": "#1"},
				"down": {"uv": [0, 0, 1, 1], "texture": "#1"}
			}
		},
		{
			"name": "Bod",
			"from": [5.97918, 9.37901, 7.975],
			"to": [6.17065, 9.8848, 9.225],
			"rotation": {"angle": -45, "axis": "z", "origin": [8, 13.13554, 8.22613]},
			"faces": {
				"north": {"uv": [0, 0, 1, 1], "texture": "#1"},
				"east": {"uv": [0, 0, 1, 1], "texture": "#1"},
				"south": {"uv": [0, 0, 1, 1], "texture": "#1"},
				"west": {"uv": [0, 0, 1, 1], "texture": "#1"},
				"up": {"uv": [0, 0, 1, 1], "texture": "#1"},
				"down": {"uv": [0, 0, 1, 1], "texture": "#1"}
			}
		},
		{
			"name": "Bod",
			"from": [3.79086, 12.99016, 7.975],
			"to": [4.29665, 13.58163, 9.225],
			"rotation": {"angle": 22.5, "axis": "z", "origin": [8, 13.13554, 8.22613]},
			"faces": {
				"north": {"uv": [0, 0, 1, 1], "texture": "#1"},
				"east": {"uv": [0, 0, 1, 1], "texture": "#1"},
				"south": {"uv": [0, 0, 1, 1], "texture": "#1"},
				"west": {"uv": [0, 0, 1, 1], "texture": "#1"},
				"up": {"uv": [0, 0, 1, 1], "texture": "#1"},
				"down": {"uv": [0, 0, 1, 1], "texture": "#1"}
			}
		},
		{
			"name": "Bod",
			"from": [4.05563, 13.82052, 7.975],
			"to": [4.56142, 14.612, 9.225],
			"rotation": {"angle": 45, "axis": "z", "origin": [8, 13.13554, 8.22613]},
			"faces": {
				"north": {"uv": [0, 0, 1, 1], "texture": "#1"},
				"east": {"uv": [0, 0, 1, 1], "texture": "#1"},
				"south": {"uv": [0, 0, 1, 1], "texture": "#1"},
				"west": {"uv": [0, 0, 1, 1], "texture": "#1"},
				"up": {"uv": [0, 0, 1, 1], "texture": "#1"},
				"down": {"uv": [0, 0, 1, 1], "texture": "#1"}
			}
		},
		{
			"name": "Bod",
			"from": [5.85771, 9.75354, 7.975],
			"to": [6.44918, 10.25934, 9.225],
			"rotation": {"angle": -22.5, "axis": "z", "origin": [8, 13.13554, 8.22613]},
			"faces": {
				"north": {"uv": [0, 0, 1, 1], "texture": "#1"},
				"east": {"uv": [0, 0, 1, 1], "texture": "#1"},
				"south": {"uv": [0, 0, 1, 1], "texture": "#1"},
				"west": {"uv": [0, 0, 1, 1], "texture": "#1"},
				"up": {"uv": [0, 0, 1, 1], "texture": "#1"},
				"down": {"uv": [0, 0, 1, 1], "texture": "#1"}
			}
		},
		{
			"name": "Bod",
			"from": [4.96604, 11.65262, 7.975],
			"to": [5.75751, 12.15842, 9.225],
			"rotation": {"angle": 22.5, "axis": "z", "origin": [8, 13.13554, 8.22613]},
			"faces": {
				"north": {"uv": [0, 0, 1, 1], "texture": "#1"},
				"east": {"uv": [0, 0, 1, 1], "texture": "#1"},
				"south": {"uv": [0, 0, 1, 1], "texture": "#1"},
				"west": {"uv": [0, 0, 1, 1], "texture": "#1"},
				"up": {"uv": [0, 0, 1, 1], "texture": "#1"},
				"down": {"uv": [0, 0, 1, 1], "texture": "#1"}
			}
		},
		{
			"name": "Bod",
			"from": [7.99885, 10.52354, 7.975],
			"to": [8.50465, 11.01501, 9.225],
			"rotation": {"angle": -45, "axis": "z", "origin": [8, 13.13554, 8.22613]},
			"faces": {
				"north": {"uv": [0, 0, 1, 1], "texture": "#1"},
				"east": {"uv": [0, 0, 1, 1], "texture": "#1"},
				"south": {"uv": [0, 0, 1, 1], "texture": "#1"},
				"west": {"uv": [0, 0, 1, 1], "texture": "#1"},
				"up": {"uv": [0, 0, 1, 1], "texture": "#1"},
				"down": {"uv": [0, 0, 1, 1], "texture": "#1"}
			}
		},
		{
			"name": "Bod",
			"from": [5.273, 10.60446, 7.975],
			"to": [5.76447, 11.11025, 9.225],
			"rotation": {"angle": 0, "axis": "y", "origin": [8, 13.13554, 8.22613]},
			"faces": {
				"north": {"uv": [0, 0, 1, 1], "texture": "#1"},
				"east": {"uv": [0, 0, 1, 1], "texture": "#1"},
				"south": {"uv": [0, 0, 1, 1], "texture": "#1"},
				"west": {"uv": [0, 0, 1, 1], "texture": "#1"},
				"up": {"uv": [0, 0, 1, 1], "texture": "#1"},
				"down": {"uv": [0, 0, 1, 1], "texture": "#1"}
			}
		},
		{
			"name": "Bod",
			"from": [3.89048, 11.94225, 7.975],
			"to": [4.39627, 12.03372, 9.225],
			"rotation": {"angle": 0, "axis": "y", "origin": [8, 13.13554, 8.22613]},
			"faces": {
				"north": {"uv": [0, 0, 1, 1], "texture": "#1"},
				"east": {"uv": [0, 0, 1, 1], "texture": "#1"},
				"south": {"uv": [0, 0, 1, 1], "texture": "#1"},
				"west": {"uv": [0, 0, 1, 1], "texture": "#1"},
				"up": {"uv": [0, 0, 1, 1], "texture": "#1"},
				"down": {"uv": [0, 0, 1, 1], "texture": "#1"}
			}
		},
		{
			"name": "Bod",
			"from": [4.79753, 10.39979, 7.975],
			"to": [4.889, 10.90559, 9.225],
			"rotation": {"angle": -22.5, "axis": "z", "origin": [8, 13.13554, 8.22613]},
			"faces": {
				"north": {"uv": [0, 0, 1, 1], "texture": "#1"},
				"east": {"uv": [0, 0, 1, 1], "texture": "#1"},
				"south": {"uv": [0, 0, 1, 1], "texture": "#1"},
				"west": {"uv": [0, 0, 1, 1], "texture": "#1"},
				"up": {"uv": [0, 0, 1, 1], "texture": "#1"},
				"down": {"uv": [0, 0, 1, 1], "texture": "#1"}
			}
		},
		{
			"name": "Bod",
			"from": [4.00525, 11.79682, 7.975],
			"to": [4.09673, 12.30261, 9.225],
			"rotation": {"angle": 22.5, "axis": "z", "origin": [4.05099, 12.04971, 8.6]},
			"faces": {
				"north": {"uv": [0, 0, 1, 1], "texture": "#1"},
				"east": {"uv": [0, 0, 1, 1], "texture": "#1"},
				"south": {"uv": [0, 0, 1, 1], "texture": "#1"},
				"west": {"uv": [0, 0, 1, 1], "texture": "#1"},
				"up": {"uv": [0, 0, 1, 1], "texture": "#1"},
				"down": {"uv": [0, 0, 1, 1], "texture": "#1"}
			}
		},
		{
			"name": "Bod",
			"from": [3.99646, 11.79507, 7.975],
			"to": [4.18794, 12.30086, 9.225],
			"rotation": {"angle": 0, "axis": "y", "origin": [8, 13.13554, 8.22613]},
			"faces": {
				"north": {"uv": [0, 0, 1, 1], "texture": "#1"},
				"east": {"uv": [0, 0, 1, 1], "texture": "#1"},
				"south": {"uv": [0, 0, 1, 1], "texture": "#1"},
				"west": {"uv": [0, 0, 1, 1], "texture": "#1"},
				"up": {"uv": [0, 0, 1, 1], "texture": "#1"},
				"down": {"uv": [0, 0, 1, 1], "texture": "#1"}
			}
		},
		{
			"name": "Bod",
			"from": [4.75211, 1.37484, 7.975],
			"to": [5.38798, 1.79299, 9.225],
			"rotation": {"angle": 0, "axis": "y", "origin": [8, 13.13554, 8.22613]},
			"faces": {
				"north": {"uv": [0, 0, 1, 1], "texture": "#1"},
				"east": {"uv": [0, 0, 1, 1], "texture": "#1"},
				"south": {"uv": [0, 0, 1, 1], "texture": "#1"},
				"west": {"uv": [0, 0, 1, 1], "texture": "#1"},
				"up": {"uv": [0, 0, 1, 1], "texture": "#1"},
				"down": {"uv": [0, 0, 1, 1], "texture": "#1"}
			}
		},
		{
			"name": "Bod",
			"from": [0.44059, 2.36343, 7.975],
			"to": [0.65873, 3.8993, 9.225],
			"rotation": {"angle": 22.5, "axis": "z", "origin": [8, 13.13554, 8.22613]},
			"faces": {
				"north": {"uv": [0, 0, 1, 1], "texture": "#1"},
				"east": {"uv": [0, 0, 1, 1], "texture": "#1"},
				"south": {"uv": [0, 0, 1, 1], "texture": "#1"},
				"west": {"uv": [0, 0, 1, 1], "texture": "#1"},
				"up": {"uv": [0, 0, 1, 1], "texture": "#1"},
				"down": {"uv": [0, 0, 1, 1], "texture": "#1"}
			}
		},
		{
			"name": "Bod",
			"from": [-3.0734, 5.72121, 7.975],
			"to": [-2.82766, 6.27412, 9.225],
			"rotation": {"angle": 45, "axis": "z", "origin": [8, 13.13554, 8.22613]},
			"faces": {
				"north": {"uv": [0, 0, 1, 1], "texture": "#1"},
				"east": {"uv": [0, 0, 1, 1], "texture": "#1"},
				"south": {"uv": [0, 0, 1, 1], "texture": "#1"},
				"west": {"uv": [0, 0, 1, 1], "texture": "#1"},
				"up": {"uv": [0, 0, 1, 1], "texture": "#1"},
				"down": {"uv": [0, 0, 1, 1], "texture": "#1"}
			}
		},
		{
			"name": "Bod",
			"from": [10.22586, -0.03722, 7.975],
			"to": [10.47876, 0.30851, 9.225],
			"rotation": {"angle": -22.5, "axis": "z", "origin": [8, 13.13554, 8.22613]},
			"faces": {
				"north": {"uv": [0, 0, 1, 1], "texture": "#1"},
				"east": {"uv": [0, 0, 1, 1], "texture": "#1"},
				"south": {"uv": [0, 0, 1, 1], "texture": "#1"},
				"west": {"uv": [0, 0, 1, 1], "texture": "#1"},
				"up": {"uv": [0, 0, 1, 1], "texture": "#1"},
				"down": {"uv": [0, 0, 1, 1], "texture": "#1"}
			}
		},
		{
			"name": "Bod",
			"from": [5.24908, 0.01691, 7.975],
			"to": [5.50198, 0.26265, 9.225],
			"rotation": {"angle": 0, "axis": "y", "origin": [8, 13.13554, 8.22613]},
			"faces": {
				"north": {"uv": [0, 0, 1, 1], "texture": "#1"},
				"east": {"uv": [0, 0, 1, 1], "texture": "#1"},
				"south": {"uv": [0, 0, 1, 1], "texture": "#1"},
				"west": {"uv": [0, 0, 1, 1], "texture": "#1"},
				"up": {"uv": [0, 0, 1, 1], "texture": "#1"},
				"down": {"uv": [0, 0, 1, 1], "texture": "#1"}
			}
		},
		{
			"name": "Bod",
			"from": [0.67185, 1.97146, 7.975],
			"to": [0.82475, 2.1172, 9.225],
			"rotation": {"angle": 22.5, "axis": "z", "origin": [8, 13.13554, 8.22613]},
			"faces": {
				"north": {"uv": [0, 0, 1, 1], "texture": "#1"},
				"east": {"uv": [0, 0, 1, 1], "texture": "#1"},
				"south": {"uv": [0, 0, 1, 1], "texture": "#1"},
				"west": {"uv": [0, 0, 1, 1], "texture": "#1"},
				"up": {"uv": [0, 0, 1, 1], "texture": "#1"},
				"down": {"uv": [0, 0, 1, 1], "texture": "#1"}
			}
		},
		{
			"name": "Bod",
			"from": [10.50911, 0.1632, 7.975],
			"to": [10.76201, 0.30894, 9.225],
			"rotation": {"angle": -22.5, "axis": "z", "origin": [8, 13.13554, 8.22613]},
			"faces": {
				"north": {"uv": [0, 0, 1, 1], "texture": "#1"},
				"east": {"uv": [0, 0, 1, 1], "texture": "#1"},
				"south": {"uv": [0, 0, 1, 1], "texture": "#1"},
				"west": {"uv": [0, 0, 1, 1], "texture": "#1"},
				"up": {"uv": [0, 0, 1, 1], "texture": "#1"},
				"down": {"uv": [0, 0, 1, 1], "texture": "#1"}
			}
		},
		{
			"name": "Bod",
			"from": [5.49751, 0.07543, 7.975],
			"to": [5.64324, 0.22833, 9.225],
			"rotation": {"angle": 0, "axis": "y", "origin": [8, 13.13554, 8.22613]},
			"faces": {
				"north": {"uv": [0, 0, 1, 1], "texture": "#1"},
				"east": {"uv": [0, 0, 1, 1], "texture": "#1"},
				"south": {"uv": [0, 0, 1, 1], "texture": "#1"},
				"west": {"uv": [0, 0, 1, 1], "texture": "#1"},
				"up": {"uv": [0, 0, 1, 1], "texture": "#1"},
				"down": {"uv": [0, 0, 1, 1], "texture": "#1"}
			}
		},
		{
			"name": "Bod",
			"from": [13.5745, 11.34456, 7.975],
			"to": [14.12572, 12.54152, 9.225],
			"rotation": {"angle": -45, "axis": "z", "origin": [8, 13.13554, 8.22613]},
			"faces": {
				"north": {"uv": [0, 0, 1, 1], "texture": "#1"},
				"east": {"uv": [0, 0, 1, 1], "texture": "#1"},
				"south": {"uv": [0, 0, 1, 1], "texture": "#1"},
				"west": {"uv": [0, 0, 1, 1], "texture": "#1"},
				"up": {"uv": [0, 0, 1, 1], "texture": "#1"},
				"down": {"uv": [0, 0, 1, 1], "texture": "#1"}
			}
		},
		{
			"name": "Neck Pickup",
			"from": [6.90793, 8.07142, 7.71086],
			"to": [8.90793, 9.07142, 8.61086],
			"rotation": {"angle": 0, "axis": "y", "origin": [8, 13.13554, 8.22613]},
			"faces": {
				"north": {"uv": [5, 0, 6, 1], "texture": "#1"},
				"east": {"uv": [5, 0, 6, 1], "texture": "#1"},
				"south": {"uv": [5, 0, 6, 1], "texture": "#1"},
				"west": {"uv": [5, 0, 6, 1], "texture": "#1"},
				"up": {"uv": [5, 0, 6, 1], "texture": "#1"},
				"down": {"uv": [5, 0, 6, 1], "texture": "#1"}
			}
		},
		{
			"name": "Neck Pickup",
			"from": [6.90793, 4.87142, 7.71086],
			"to": [8.90793, 5.87142, 8.61086],
			"rotation": {"angle": 0, "axis": "y", "origin": [8, 13.13554, 8.22613]},
			"faces": {
				"north": {"uv": [5, 0, 6, 1], "texture": "#1"},
				"east": {"uv": [5, 0, 6, 1], "texture": "#1"},
				"south": {"uv": [5, 0, 6, 1], "texture": "#1"},
				"west": {"uv": [5, 0, 6, 1], "texture": "#1"},
				"up": {"uv": [5, 0, 6, 1], "texture": "#1"},
				"down": {"uv": [5, 0, 6, 1], "texture": "#1"}
			}
		},
		{
			"name": "Pickup Case",
			"from": [6.70793, 4.77142, 7.81086],
			"to": [9.10793, 5.97142, 8.61086],
			"rotation": {"angle": 0, "axis": "y", "origin": [8, 13.13554, 8.22613]},
			"faces": {
				"north": {"uv": [4, 0, 5, 1], "texture": "#1"},
				"east": {"uv": [4, 0, 5, 1], "texture": "#1"},
				"south": {"uv": [4, 0, 5, 1], "texture": "#1"},
				"west": {"uv": [4, 0, 5, 1], "texture": "#1"},
				"up": {"uv": [4, 0, 5, 1], "texture": "#1"},
				"down": {"uv": [4, 0, 5, 1], "texture": "#1"}
			}
		},
		{
			"name": "Bridge",
			"from": [6.60793, 3.47142, 7.81086],
			"to": [9.20793, 3.97142, 8.61086],
			"rotation": {"angle": 0, "axis": "y", "origin": [8, 13.13554, 8.22613]},
			"faces": {
				"north": {"uv": [4, 0, 5, 1], "texture": "#1"},
				"east": {"uv": [4, 0, 5, 1], "texture": "#1"},
				"south": {"uv": [4, 0, 5, 1], "texture": "#1"},
				"west": {"uv": [4, 0, 5, 1], "texture": "#1"},
				"up": {"uv": [4, 0, 5, 1], "texture": "#1"},
				"down": {"uv": [4, 0, 5, 1], "texture": "#1"}
			}
		},
		{
			"name": "Bridge",
			"from": [13.71993, 5.57119, 7.71086],
			"to": [14.01993, 5.87119, 8.61086],
			"rotation": {"angle": -45, "axis": "z", "origin": [8, 13.13554, 8.22613]},
			"faces": {
				"north": {"uv": [4, 0, 5, 1], "texture": "#1"},
				"east": {"uv": [4, 0, 5, 1], "texture": "#1"},
				"south": {"uv": [4, 0, 5, 1], "texture": "#1"},
				"west": {"uv": [4, 0, 5, 1], "texture": "#1"},
				"up": {"uv": [4, 0, 5, 1], "texture": "#1"},
				"down": {"uv": [4, 0, 5, 1], "texture": "#1"}
			}
		},
		{
			"name": "Bridge",
			"from": [15.13415, 6.9854, 7.71086],
			"to": [15.43415, 7.2854, 8.61086],
			"rotation": {"angle": -45, "axis": "z", "origin": [8, 13.13554, 8.22613]},
			"faces": {
				"north": {"uv": [4, 0, 5, 1], "texture": "#1"},
				"east": {"uv": [4, 0, 5, 1], "texture": "#1"},
				"south": {"uv": [4, 0, 5, 1], "texture": "#1"},
				"west": {"uv": [4, 0, 5, 1], "texture": "#1"},
				"up": {"uv": [4, 0, 5, 1], "texture": "#1"},
				"down": {"uv": [4, 0, 5, 1], "texture": "#1"}
			}
		},
		{
			"name": "Knobs",
			"from": [-0.42271, 8.93216, 7.83],
			"to": [-0.18771, 9.51276, 8.07],
			"rotation": {"angle": 45, "axis": "z", "origin": [8, 13.13554, 8.22613]},
			"faces": {
				"north": {"uv": [0, 0, 1, 1], "texture": "#1"},
				"east": {"uv": [0, 0, 1, 1], "texture": "#1"},
				"south": {"uv": [0, 0, 1, 1], "texture": "#1"},
				"west": {"uv": [0, 0, 1, 1], "texture": "#1"},
				"up": {"uv": [0, 0, 1, 1], "texture": "#1"},
				"down": {"uv": [0, 0, 1, 1], "texture": "#1"}
			}
		},
		{
			"name": "Knobs",
			"from": [4.60399, 4.3784, 7.83],
			"to": [5.1846, 4.6134, 8.07],
			"rotation": {"angle": 0, "axis": "y", "origin": [8, 13.13554, 8.22613]},
			"faces": {
				"north": {"uv": [0, 0, 1, 1], "texture": "#1"},
				"east": {"uv": [0, 0, 1, 1], "texture": "#1"},
				"south": {"uv": [0, 0, 1, 1], "texture": "#1"},
				"west": {"uv": [0, 0, 1, 1], "texture": "#1"},
				"up": {"uv": [0, 0, 1, 1], "texture": "#1"},
				"down": {"uv": [0, 0, 1, 1], "texture": "#1"}
			}
		},
		{
			"name": "Knobs",
			"from": [11.79558, 4.54002, 7.83],
			"to": [12.03058, 5.12063, 8.07],
			"rotation": {"angle": -45, "axis": "z", "origin": [8, 13.13554, 8.22613]},
			"faces": {
				"north": {"uv": [0, 0, 1, 1], "texture": "#1"},
				"east": {"uv": [0, 0, 1, 1], "texture": "#1"},
				"south": {"uv": [0, 0, 1, 1], "texture": "#1"},
				"west": {"uv": [0, 0, 1, 1], "texture": "#1"},
				"up": {"uv": [0, 0, 1, 1], "texture": "#1"},
				"down": {"uv": [0, 0, 1, 1], "texture": "#1"}
			}
		},
		{
			"name": "Knobs",
			"from": [4.77679, 4.2056, 7.83],
			"to": [5.0118, 4.7862, 8.07],
			"rotation": {"angle": 0, "axis": "y", "origin": [8, 13.13554, 8.22613]},
			"faces": {
				"north": {"uv": [0, 0, 1, 1], "texture": "#1"},
				"east": {"uv": [0, 0, 1, 1], "texture": "#1"},
				"south": {"uv": [0, 0, 1, 1], "texture": "#1"},
				"west": {"uv": [0, 0, 1, 1], "texture": "#1"},
				"up": {"uv": [0, 0, 1, 1], "texture": "#1"},
				"down": {"uv": [0, 0, 1, 1], "texture": "#1"}
			}
		},
		{
			"name": "Knobs",
			"from": [-0.352, 7.81493, 7.83],
			"to": [-0.117, 8.39553, 8.07],
			"rotation": {"angle": 45, "axis": "z", "origin": [8, 13.13554, 8.22613]},
			"faces": {
				"north": {"uv": [0, 0, 1, 1], "texture": "#1"},
				"east": {"uv": [0, 0, 1, 1], "texture": "#1"},
				"south": {"uv": [0, 0, 1, 1], "texture": "#1"},
				"west": {"uv": [0, 0, 1, 1], "texture": "#1"},
				"up": {"uv": [0, 0, 1, 1], "texture": "#1"},
				"down": {"uv": [0, 0, 1, 1], "texture": "#1"}
			}
		},
		{
			"name": "Knobs",
			"from": [5.44399, 3.6384, 7.83],
			"to": [6.0246, 3.8734, 8.07],
			"rotation": {"angle": 0, "axis": "y", "origin": [8, 13.13554, 8.22613]},
			"faces": {
				"north": {"uv": [0, 0, 1, 1], "texture": "#1"},
				"east": {"uv": [0, 0, 1, 1], "texture": "#1"},
				"south": {"uv": [0, 0, 1, 1], "texture": "#1"},
				"west": {"uv": [0, 0, 1, 1], "texture": "#1"},
				"up": {"uv": [0, 0, 1, 1], "texture": "#1"},
				"down": {"uv": [0, 0, 1, 1], "texture": "#1"}
			}
		},
		{
			"name": "Knobs",
			"from": [12.91281, 4.61074, 7.83],
			"to": [13.14781, 5.19134, 8.07],
			"rotation": {"angle": -45, "axis": "z", "origin": [8, 13.13554, 8.22613]},
			"faces": {
				"north": {"uv": [0, 0, 1, 1], "texture": "#1"},
				"east": {"uv": [0, 0, 1, 1], "texture": "#1"},
				"south": {"uv": [0, 0, 1, 1], "texture": "#1"},
				"west": {"uv": [0, 0, 1, 1], "texture": "#1"},
				"up": {"uv": [0, 0, 1, 1], "texture": "#1"},
				"down": {"uv": [0, 0, 1, 1], "texture": "#1"}
			}
		},
		{
			"name": "Knobs",
			"from": [5.61679, 3.4656, 7.83],
			"to": [5.8518, 4.0462, 8.07],
			"rotation": {"angle": 0, "axis": "y", "origin": [8, 13.13554, 8.22613]},
			"faces": {
				"north": {"uv": [0, 0, 1, 1], "texture": "#1"},
				"east": {"uv": [0, 0, 1, 1], "texture": "#1"},
				"south": {"uv": [0, 0, 1, 1], "texture": "#1"},
				"west": {"uv": [0, 0, 1, 1], "texture": "#1"},
				"up": {"uv": [0, 0, 1, 1], "texture": "#1"},
				"down": {"uv": [0, 0, 1, 1], "texture": "#1"}
			}
		},
		{
			"name": "Knobs",
			"from": [-1.5258, 7.54623, 7.83],
			"to": [-1.2908, 8.12683, 8.07],
			"rotation": {"angle": 45, "axis": "z", "origin": [8, 13.13554, 8.22613]},
			"faces": {
				"north": {"uv": [0, 0, 1, 1], "texture": "#1"},
				"east": {"uv": [0, 0, 1, 1], "texture": "#1"},
				"south": {"uv": [0, 0, 1, 1], "texture": "#1"},
				"west": {"uv": [0, 0, 1, 1], "texture": "#1"},
				"up": {"uv": [0, 0, 1, 1], "texture": "#1"},
				"down": {"uv": [0, 0, 1, 1], "texture": "#1"}
			}
		},
		{
			"name": "Knobs",
			"from": [4.80399, 2.6184, 7.83],
			"to": [5.3846, 2.8534, 8.07],
			"rotation": {"angle": 0, "axis": "y", "origin": [8, 13.13554, 8.22613]},
			"faces": {
				"north": {"uv": [0, 0, 1, 1], "texture": "#1"},
				"east": {"uv": [0, 0, 1, 1], "texture": "#1"},
				"south": {"uv": [0, 0, 1, 1], "texture": "#1"},
				"west": {"uv": [0, 0, 1, 1], "texture": "#1"},
				"up": {"uv": [0, 0, 1, 1], "texture": "#1"},
				"down": {"uv": [0, 0, 1, 1], "texture": "#1"}
			}
		},
		{
			"name": "Knobs",
			"from": [13.18151, 3.43694, 7.83],
			"to": [13.41651, 4.01754, 8.07],
			"rotation": {"angle": -45, "axis": "z", "origin": [8, 13.13554, 8.22613]},
			"faces": {
				"north": {"uv": [0, 0, 1, 1], "texture": "#1"},
				"east": {"uv": [0, 0, 1, 1], "texture": "#1"},
				"south": {"uv": [0, 0, 1, 1], "texture": "#1"},
				"west": {"uv": [0, 0, 1, 1], "texture": "#1"},
				"up": {"uv": [0, 0, 1, 1], "texture": "#1"},
				"down": {"uv": [0, 0, 1, 1], "texture": "#1"}
			}
		},
		{
			"name": "Knobs",
			"from": [4.97679, 2.4456, 7.83],
			"to": [5.2118, 3.0262, 8.07],
			"rotation": {"angle": 0, "axis": "y", "origin": [8, 13.13554, 8.22613]},
			"faces": {
				"north": {"uv": [0, 0, 1, 1], "texture": "#1"},
				"east": {"uv": [0, 0, 1, 1], "texture": "#1"},
				"south": {"uv": [0, 0, 1, 1], "texture": "#1"},
				"west": {"uv": [0, 0, 1, 1], "texture": "#1"},
				"up": {"uv": [0, 0, 1, 1], "texture": "#1"},
				"down": {"uv": [0, 0, 1, 1], "texture": "#1"}
			}
		},
		{
			"name": "Knobs",
			"from": [-1.59651, 8.66346, 7.83],
			"to": [-1.36151, 9.24406, 8.07],
			"rotation": {"angle": 45, "axis": "z", "origin": [8, 13.13554, 8.22613]},
			"faces": {
				"north": {"uv": [0, 0, 1, 1], "texture": "#1"},
				"east": {"uv": [0, 0, 1, 1], "texture": "#1"},
				"south": {"uv": [0, 0, 1, 1], "texture": "#1"},
				"west": {"uv": [0, 0, 1, 1], "texture": "#1"},
				"up": {"uv": [0, 0, 1, 1], "texture": "#1"},
				"down": {"uv": [0, 0, 1, 1], "texture": "#1"}
			}
		},
		{
			"name": "Knobs",
			"from": [3.96399, 3.3584, 7.83],
			"to": [4.5446, 3.5934, 8.07],
			"rotation": {"angle": 0, "axis": "y", "origin": [8, 13.13554, 8.22613]},
			"faces": {
				"north": {"uv": [0, 0, 1, 1], "texture": "#1"},
				"east": {"uv": [0, 0, 1, 1], "texture": "#1"},
				"south": {"uv": [0, 0, 1, 1], "texture": "#1"},
				"west": {"uv": [0, 0, 1, 1], "texture": "#1"},
				"up": {"uv": [0, 0, 1, 1], "texture": "#1"},
				"down": {"uv": [0, 0, 1, 1], "texture": "#1"}
			}
		},
		{
			"name": "Knobs",
			"from": [12.06428, 3.36623, 7.83],
			"to": [12.29928, 3.94683, 8.07],
			"rotation": {"angle": -45, "axis": "z", "origin": [8, 13.13554, 8.22613]},
			"faces": {
				"north": {"uv": [0, 0, 1, 1], "texture": "#1"},
				"east": {"uv": [0, 0, 1, 1], "texture": "#1"},
				"south": {"uv": [0, 0, 1, 1], "texture": "#1"},
				"west": {"uv": [0, 0, 1, 1], "texture": "#1"},
				"up": {"uv": [0, 0, 1, 1], "texture": "#1"},
				"down": {"uv": [0, 0, 1, 1], "texture": "#1"}
			}
		},
		{
			"name": "Knobs",
			"from": [4.13679, 3.1856, 7.83],
			"to": [4.3718, 3.7662, 8.07],
			"rotation": {"angle": 0, "axis": "y", "origin": [8, 13.13554, 8.22613]},
			"faces": {
				"north": {"uv": [0, 0, 1, 1], "texture": "#1"},
				"east": {"uv": [0, 0, 1, 1], "texture": "#1"},
				"south": {"uv": [0, 0, 1, 1], "texture": "#1"},
				"west": {"uv": [0, 0, 1, 1], "texture": "#1"},
				"up": {"uv": [0, 0, 1, 1], "texture": "#1"},
				"down": {"uv": [0, 0, 1, 1], "texture": "#1"}
			}
		}
	],
	"display": {
		"thirdperson_righthand": {
			"rotation": [81.9, -1.29, 86.23],
			"translation": [-0.75, 1.25, -1.25],
			"scale": [0.8, 0.8, 1]
		},
		"thirdperson_lefthand": {
			"rotation": [82.09, 2, 81],
			"translation": [0, 1.5, -2.25]
		},
		"firstperson_righthand": {
			"rotation": [-3.75, 3, 85.54],
			"translation": [-2, 0.5, 1.5],
			"scale": [0.75, 0.75, 1.5]
		},
		"firstperson_lefthand": {
			"rotation": [3.75, 3, 85.54],
			"translation": [-2, 0.5, 1.25],
			"scale": [0.6, 0.79, 0.86]
		},
		"ground": {
			"rotation": [89, -13.48, 0],
			"translation": [-1.75, 0, 0],
			"scale": [0.9, 0.9, 0.7]
		},
		"gui": {
			"rotation": [-180, 0, -140.93],
			"translation": [-1.25, -2.25, 0],
			"scale": [0.6, 0.6, 0.8]
		},
		"fixed": {
			"translation": [0, -5.75, -0.5],
			"scale": [2.5, 2.5, 2.5]
		}
	},
	"groups": [
		0,
		1,
		{
			"name": "necc",
			"origin": [7.79022, 12.43061, 8.19018],
			"color": 0,
			"nbt": "{}",
			"children": [
				{
					"name": "NeckBase",
					"origin": [8, 13.13554, 8.22613],
					"color": 0,
					"nbt": "{}",
					"children": [2, 3, 4, 5, 6, 7, 8, 9, 10, 11, 12, 13, 14, 15, 16, 17, 18, 19, 20, 21, 22, 23, 24, 25, 26, 27, 28, 29, 30, 31, 32, 33]
				},
				{
					"name": "headhardware",
					"origin": [8, 13.13554, 8.22613],
					"color": 0,
					"nbt": "{}",
					"children": [34, 35, 36, 37, 38, 39, 40, 41, 42, 43, 44, 45, 46, 47, 48, 49, 50, 51]
				},
				{
					"name": "Nuts",
					"origin": [8, 13.13554, 8.22613],
					"color": 0,
					"nbt": "{}",
					"children": [52, 53, 54, 55, 56, 57, 58, 59, 60, 61, 62, 63, 64, 65, 66, 67, 68, 69, 70, 71, 72, 73, 74]
				}
			]
		},
		{
			"name": "Bod",
			"origin": [4.12744, 1.58064, 8.6032],
			"color": 0,
			"nbt": "{}",
			"children": [75, 76, 77, 78, 79, 80, 81, 82, 83, 84]
		},
		85,
		{
			"name": "edge",
			"origin": [8, 13.13554, 8.22613],
			"color": 0,
			"nbt": "{}",
			"children": [
				86,
				87,
				88,
				89,
				90,
				91,
				92,
				93,
				94,
				95,
				96,
				97,
				98,
				99,
				100,
				101,
				102,
				103,
				104,
				105,
				106,
				107,
				108,
				109,
				110,
				111,
				112,
				113,
				114,
				115,
				116,
				117,
				118,
				119,
				120,
				121,
				122,
				123,
				124,
				125,
				126,
				127,
				128,
				129,
				130,
				131,
				132,
				133,
				134,
				135,
				136,
				137,
				138,
				139,
				140,
				141,
				142,
				143,
				144,
				145,
				146,
				147,
				148
			]
		},
		149,
		150,
		151,
		152,
		153,
		154,
		155,
		156,
		157,
		158,
		159,
		160,
		161,
		162,
		163,
		164,
		165,
		166,
		167,
		168,
		169,
		170
	]
}