{
	"credit": "Made with Blockbench",
	"textures": {
		"0": "item/parts/kickhammer",
		"particle": "item/parts/kickhammer"
	},
	"elements": [
		{
			"from": [10, 7, 0],
			"to": [12, 9, 2],
			"rotation": {"angle": -22.5, "axis": "x", "origin": [11, 8, 1]},
			"faces": {
				"north": {"uv": [11, 6, 13, 8], "texture": "#0"},
				"east": {"uv": [11, 6, 13, 8], "texture": "#0"},
				"south": {"uv": [11, 6, 13, 8], "texture": "#0"},
				"west": {"uv": [11, 6, 13, 8], "texture": "#0"},
				"up": {"uv": [11, 6, 13, 7], "texture": "#0"},
				"down": {"uv": [11, 7, 13, 8], "texture": "#0"}
			}
		},
		{
			"from": [10.5, 0, 0.5],
			"to": [11.5, 8, 1.5],
			"rotation": {"angle": -22.5, "axis": "x", "origin": [11, 8, 1]},
			"faces": {
				"north": {"uv": [11, 8, 12, 16], "texture": "#0"},
				"east": {"uv": [11, 8, 12, 16], "texture": "#0"},
				"south": {"uv": [11, 8, 12, 16], "texture": "#0"},
				"west": {"uv": [11, 8, 12, 16], "texture": "#0"},
				"up": {"uv": [11, 8, 12, 16], "texture": "#0"},
				"down": {"uv": [11, 8, 12, 16], "texture": "#0"}
			}
		},
		{
			"from": [9.25, 0.64702, 2.75281],
			"to": [12.75, 1.64702, 9.75281],
			"rotation": {"angle": 22.5, "axis": "x", "origin": [11, 1.14702, 7.25281]},
			"faces": {
				"north": {"uv": [12, 9, 13, 10], "texture": "#0"},
				"east": {"uv": [12, 9, 13, 10], "texture": "#0"},
				"south": {"uv": [12, 9, 13, 10], "texture": "#0"},
				"west": {"uv": [12, 9, 13, 10], "texture": "#0"},
				"up": {"uv": [12, 9, 16, 16], "texture": "#0"},
				"down": {"uv": [12, 9, 16, 16], "texture": "#0"}
			}
		},
		{
			"from": [10.05, -0.025, 4],
			"to": [11.95, 0.25, 9],
			"rotation": {"angle": 0, "axis": "y", "origin": [10, 0, 3]},
			"faces": {
				"north": {"uv": [12, 8, 13, 9], "texture": "#0"},
				"east": {"uv": [12, 8, 13, 9], "texture": "#0"},
				"south": {"uv": [12, 8, 13, 9], "texture": "#0"},
				"west": {"uv": [12, 8, 13, 9], "texture": "#0"},
				"up": {"uv": [12, 8, 13, 9], "texture": "#0"},
				"down": {"uv": [12, 8, 13, 9], "texture": "#0"}
			}
		},
		{
			"from": [9.75, 0, 3.175],
			"to": [12.25, 1.5, 4.675],
			"rotation": {"angle": 0, "axis": "y", "origin": [10, 0, 2.675]},
			"faces": {
				"north": {"uv": [13, 8, 14, 9], "texture": "#0"},
				"east": {"uv": [0, 0, 8, 8], "texture": "#0"},
				"south": {"uv": [13, 8, 14, 9], "texture": "#0"},
				"west": {"uv": [0, 0, 8, 8], "texture": "#0"},
				"up": {"uv": [13, 8, 14, 9], "texture": "#0"},
				"down": {"uv": [13, 8, 14, 9], "texture": "#0"}
			}
		}
	],
	"display": {
		"fixed": {
			"rotation": [-90, 0, 0],
			"translation": [0, 0, -16],
			"scale": [2, 2, 2]
		}
	}
}