{
	"credit": "Made with Blockbench",
	"textures": {
		"0": "item/parts/kickdrum",
		"1": "item/parts/drumimage",
		"particle": "item/parts/kickdrum"
	},
	"elements": [
		{
			"from": [3, 3, -0.1],
			"to": [13, 13, 16.1],
			"faces": {
				"north": {"uv": [0, 0, 16, 16], "texture": "#1"},
				"east": {"uv": [15.98333, 15.98333, 16, 16], "texture": "#1"},
				"south": {"uv": [0, 0, 16, 16], "texture": "#1"},
				"west": {"uv": [15.98333, 15.98333, 16, 16], "texture": "#1"},
				"up": {"uv": [15.98333, 15.98333, 16, 16], "texture": "#1"},
				"down": {"uv": [15.98333, 15.98333, 16, 16], "texture": "#1"}
			}
		},
		{
			"from": [6.4087, 8, 0],
			"to": [9.5913, 16, 16],
			"rotation": {"angle": 0, "axis": "z", "origin": [8, 8, 8]},
			"faces": {
				"north": {"uv": [1, 0, 2, 1], "texture": "#0"},
				"east": {"uv": [0, 0, 1, 1], "texture": "#0"},
				"south": {"uv": [1, 0, 2, 1], "texture": "#0"},
				"west": {"uv": [0, 0, 1, 1], "texture": "#0"},
				"up": {"uv": [0, 0, 1, 1], "texture": "#0"},
				"down": {"uv": [0, 0, 1, 1], "texture": "#0"}
			}
		},
		{
			"from": [6.4087, 8, 0],
			"to": [9.5913, 16, 16],
			"rotation": {"angle": -22.5, "axis": "z", "origin": [8, 8, 8]},
			"faces": {
				"north": {"uv": [1, 0, 2, 1], "texture": "#0"},
				"east": {"uv": [0, 0, 1, 1], "texture": "#0"},
				"south": {"uv": [1, 0, 2, 1], "texture": "#0"},
				"west": {"uv": [0, 0, 1, 1], "texture": "#0"},
				"up": {"uv": [0, 0, 1, 1], "texture": "#0"},
				"down": {"uv": [0, 0, 1, 1], "texture": "#0"}
			}
		},
		{
			"from": [8, 6.4087, 0],
			"to": [16, 9.5913, 16],
			"rotation": {"angle": 45, "axis": "z", "origin": [8, 8, 8]},
			"faces": {
				"north": {"uv": [1, 0, 2, 1], "rotation": 270, "texture": "#0"},
				"east": {"uv": [0, 0, 1, 1], "rotation": 90, "texture": "#0"},
				"south": {"uv": [1, 0, 2, 1], "rotation": 90, "texture": "#0"},
				"west": {"uv": [0, 0, 1, 1], "rotation": 90, "texture": "#0"},
				"up": {"uv": [0, 0, 1, 1], "rotation": 90, "texture": "#0"},
				"down": {"uv": [0, 0, 1, 1], "rotation": 90, "texture": "#0"}
			}
		},
		{
			"from": [8, 6.4087, 0],
			"to": [16, 9.5913, 16],
			"rotation": {"angle": 22.5, "axis": "z", "origin": [8, 8, 8]},
			"faces": {
				"north": {"uv": [1, 0, 2, 1], "rotation": 270, "texture": "#0"},
				"east": {"uv": [0, 0, 1, 1], "rotation": 90, "texture": "#0"},
				"south": {"uv": [1, 0, 2, 1], "rotation": 90, "texture": "#0"},
				"west": {"uv": [0, 0, 1, 1], "rotation": 90, "texture": "#0"},
				"up": {"uv": [0, 0, 1, 1], "rotation": 90, "texture": "#0"},
				"down": {"uv": [0, 0, 1, 1], "rotation": 90, "texture": "#0"}
			}
		},
		{
			"from": [8, 6.4087, 0],
			"to": [16, 9.5913, 16],
			"rotation": {"angle": 0, "axis": "z", "origin": [8, 8, 8]},
			"faces": {
				"north": {"uv": [1, 0, 2, 1], "rotation": 270, "texture": "#0"},
				"east": {"uv": [0, 0, 1, 1], "rotation": 90, "texture": "#0"},
				"south": {"uv": [1, 0, 2, 1], "rotation": 90, "texture": "#0"},
				"west": {"uv": [0, 0, 1, 1], "rotation": 90, "texture": "#0"},
				"up": {"uv": [0, 0, 1, 1], "rotation": 90, "texture": "#0"},
				"down": {"uv": [0, 0, 1, 1], "rotation": 90, "texture": "#0"}
			}
		},
		{
			"from": [8, 6.4087, 0],
			"to": [16, 9.5913, 16],
			"rotation": {"angle": -22.5, "axis": "z", "origin": [8, 8, 8]},
			"faces": {
				"north": {"uv": [1, 0, 2, 1], "rotation": 270, "texture": "#0"},
				"east": {"uv": [0, 0, 1, 1], "rotation": 90, "texture": "#0"},
				"south": {"uv": [1, 0, 2, 1], "rotation": 90, "texture": "#0"},
				"west": {"uv": [0, 0, 1, 1], "rotation": 90, "texture": "#0"},
				"up": {"uv": [0, 0, 1, 1], "rotation": 90, "texture": "#0"},
				"down": {"uv": [0, 0, 1, 1], "rotation": 90, "texture": "#0"}
			}
		},
		{
			"from": [6.4087, 0, 0],
			"to": [9.5913, 8, 16],
			"rotation": {"angle": 45, "axis": "z", "origin": [8, 8, 8]},
			"faces": {
				"north": {"uv": [1, 0, 2, 1], "rotation": 180, "texture": "#0"},
				"east": {"uv": [0, 0, 1, 1], "rotation": 180, "texture": "#0"},
				"south": {"uv": [1, 0, 2, 1], "rotation": 180, "texture": "#0"},
				"west": {"uv": [0, 0, 1, 1], "rotation": 180, "texture": "#0"},
				"up": {"uv": [0, 0, 1, 1], "rotation": 180, "texture": "#0"},
				"down": {"uv": [0, 0, 1, 1], "rotation": 180, "texture": "#0"}
			}
		},
		{
			"from": [6.4087, 0, 0],
			"to": [9.5913, 8, 16],
			"rotation": {"angle": 22.5, "axis": "z", "origin": [8, 8, 8]},
			"faces": {
				"north": {"uv": [1, 0, 2, 1], "rotation": 180, "texture": "#0"},
				"east": {"uv": [0, 0, 1, 1], "rotation": 180, "texture": "#0"},
				"south": {"uv": [1, 0, 2, 1], "rotation": 180, "texture": "#0"},
				"west": {"uv": [0, 0, 1, 1], "rotation": 180, "texture": "#0"},
				"up": {"uv": [0, 0, 1, 1], "rotation": 180, "texture": "#0"},
				"down": {"uv": [0, 0, 1, 1], "rotation": 180, "texture": "#0"}
			}
		},
		{
			"from": [6.4087, 0, 0],
			"to": [9.5913, 8, 16],
			"rotation": {"angle": 0, "axis": "z", "origin": [8, 8, 8]},
			"faces": {
				"north": {"uv": [1, 0, 2, 1], "rotation": 180, "texture": "#0"},
				"east": {"uv": [0, 0, 1, 1], "rotation": 180, "texture": "#0"},
				"south": {"uv": [1, 0, 2, 1], "rotation": 180, "texture": "#0"},
				"west": {"uv": [0, 0, 1, 1], "rotation": 180, "texture": "#0"},
				"up": {"uv": [0, 0, 1, 1], "rotation": 180, "texture": "#0"},
				"down": {"uv": [0, 0, 1, 1], "rotation": 180, "texture": "#0"}
			}
		},
		{
			"from": [6.4087, 0, 0],
			"to": [9.5913, 8, 16],
			"rotation": {"angle": -22.5, "axis": "z", "origin": [8, 8, 8]},
			"faces": {
				"north": {"uv": [1, 0, 2, 1], "rotation": 180, "texture": "#0"},
				"east": {"uv": [0, 0, 1, 1], "rotation": 180, "texture": "#0"},
				"south": {"uv": [1, 0, 2, 1], "rotation": 180, "texture": "#0"},
				"west": {"uv": [0, 0, 1, 1], "rotation": 180, "texture": "#0"},
				"up": {"uv": [0, 0, 1, 1], "rotation": 180, "texture": "#0"},
				"down": {"uv": [0, 0, 1, 1], "rotation": 180, "texture": "#0"}
			}
		},
		{
			"from": [6.4087, 0, 0],
			"to": [9.5913, 8, 16],
			"rotation": {"angle": -45, "axis": "z", "origin": [8, 8, 8]},
			"faces": {
				"north": {"uv": [1, 0, 2, 1], "rotation": 180, "texture": "#0"},
				"east": {"uv": [0, 0, 1, 1], "rotation": 180, "texture": "#0"},
				"south": {"uv": [1, 0, 2, 1], "rotation": 180, "texture": "#0"},
				"west": {"uv": [0, 0, 1, 1], "rotation": 180, "texture": "#0"},
				"up": {"uv": [0, 0, 1, 1], "rotation": 180, "texture": "#0"},
				"down": {"uv": [0, 0, 1, 1], "rotation": 180, "texture": "#0"}
			}
		},
		{
			"from": [0, 6.4087, 0],
			"to": [8, 9.5913, 16],
			"rotation": {"angle": 22.5, "axis": "z", "origin": [8, 8, 8]},
			"faces": {
				"north": {"uv": [1, 0, 2, 1], "rotation": 90, "texture": "#0"},
				"east": {"uv": [0, 0, 1, 1], "rotation": 270, "texture": "#0"},
				"south": {"uv": [1, 0, 2, 1], "rotation": 270, "texture": "#0"},
				"west": {"uv": [0, 0, 1, 1], "rotation": 270, "texture": "#0"},
				"up": {"uv": [0, 0, 1, 1], "rotation": 270, "texture": "#0"},
				"down": {"uv": [0, 0, 1, 1], "rotation": 270, "texture": "#0"}
			}
		},
		{
			"from": [0, 6.4087, 0],
			"to": [8, 9.5913, 16],
			"rotation": {"angle": 0, "axis": "z", "origin": [8, 8, 8]},
			"faces": {
				"north": {"uv": [1, 0, 2, 1], "rotation": 90, "texture": "#0"},
				"east": {"uv": [0, 0, 1, 1], "rotation": 270, "texture": "#0"},
				"south": {"uv": [1, 0, 2, 1], "rotation": 270, "texture": "#0"},
				"west": {"uv": [0, 0, 1, 1], "rotation": 270, "texture": "#0"},
				"up": {"uv": [0, 0, 1, 1], "rotation": 270, "texture": "#0"},
				"down": {"uv": [0, 0, 1, 1], "rotation": 270, "texture": "#0"}
			}
		},
		{
			"from": [0, 6.4087, 0],
			"to": [8, 9.5913, 16],
			"rotation": {"angle": -22.5, "axis": "z", "origin": [8, 8, 8]},
			"faces": {
				"north": {"uv": [1, 0, 2, 1], "rotation": 90, "texture": "#0"},
				"east": {"uv": [0, 0, 1, 1], "rotation": 270, "texture": "#0"},
				"south": {"uv": [1, 0, 2, 1], "rotation": 270, "texture": "#0"},
				"west": {"uv": [0, 0, 1, 1], "rotation": 270, "texture": "#0"},
				"up": {"uv": [0, 0, 1, 1], "rotation": 270, "texture": "#0"},
				"down": {"uv": [0, 0, 1, 1], "rotation": 270, "texture": "#0"}
			}
		},
		{
			"from": [0, 6.4087, 0],
			"to": [8, 9.5913, 16],
			"rotation": {"angle": -45, "axis": "z", "origin": [8, 8, 8]},
			"faces": {
				"north": {"uv": [1, 0, 2, 1], "rotation": 90, "texture": "#0"},
				"east": {"uv": [0, 0, 1, 1], "rotation": 270, "texture": "#0"},
				"south": {"uv": [1, 0, 2, 1], "rotation": 270, "texture": "#0"},
				"west": {"uv": [0, 0, 1, 1], "rotation": 270, "texture": "#0"},
				"up": {"uv": [0, 0, 1, 1], "rotation": 270, "texture": "#0"},
				"down": {"uv": [0, 0, 1, 1], "rotation": 270, "texture": "#0"}
			}
		},
		{
			"from": [6.4087, 8, 0],
			"to": [9.5913, 16, 16],
			"rotation": {"angle": 22.5, "axis": "z", "origin": [8, 8, 8]},
			"faces": {
				"north": {"uv": [1, 0, 2, 1], "texture": "#0"},
				"east": {"uv": [0, 0, 1, 1], "texture": "#0"},
				"south": {"uv": [1, 0, 2, 1], "texture": "#0"},
				"west": {"uv": [0, 0, 1, 1], "texture": "#0"},
				"up": {"uv": [0, 0, 1, 1], "texture": "#0"},
				"down": {"uv": [0, 0, 1, 1], "texture": "#0"}
			}
		},
		{
			"from": [6.3092, 15.5, -0.5],
			"to": [9.6908, 16.5, 0.5],
			"rotation": {"angle": 0, "axis": "z", "origin": [8, 8, 8]},
			"faces": {
				"north": {"uv": [2, 0, 3, 1], "texture": "#0"},
				"east": {"uv": [2, 0, 3, 1], "texture": "#0"},
				"south": {"uv": [2, 0, 3, 1], "texture": "#0"},
				"west": {"uv": [2, 0, 3, 1], "texture": "#0"},
				"up": {"uv": [2, 0, 3, 1], "texture": "#0"},
				"down": {"uv": [2, 0, 3, 1], "texture": "#0"}
			}
		},
		{
			"from": [6.3092, 15.5, -0.5],
			"to": [9.6908, 16.5, 0.5],
			"rotation": {"angle": -22.5, "axis": "z", "origin": [8, 8, 8]},
			"faces": {
				"north": {"uv": [2, 0, 3, 1], "texture": "#0"},
				"east": {"uv": [2, 0, 3, 1], "texture": "#0"},
				"south": {"uv": [2, 0, 3, 1], "texture": "#0"},
				"west": {"uv": [2, 0, 3, 1], "texture": "#0"},
				"up": {"uv": [2, 0, 3, 1], "texture": "#0"},
				"down": {"uv": [2, 0, 3, 1], "texture": "#0"}
			}
		},
		{
			"from": [15.5, 6.3092, -0.5],
			"to": [16.5, 9.6908, 0.5],
			"rotation": {"angle": 22.5, "axis": "z", "origin": [8, 8, 8]},
			"faces": {
				"north": {"uv": [2, 0, 3, 1], "rotation": 270, "texture": "#0"},
				"east": {"uv": [2, 0, 3, 1], "rotation": 90, "texture": "#0"},
				"south": {"uv": [2, 0, 3, 1], "rotation": 90, "texture": "#0"},
				"west": {"uv": [2, 0, 3, 1], "rotation": 90, "texture": "#0"},
				"up": {"uv": [2, 0, 3, 1], "rotation": 90, "texture": "#0"},
				"down": {"uv": [2, 0, 3, 1], "rotation": 90, "texture": "#0"}
			}
		},
		{
			"from": [6.3092, 15.5, -0.5],
			"to": [9.6908, 16.5, 0.5],
			"rotation": {"angle": -45, "axis": "z", "origin": [8, 8, 8]},
			"faces": {
				"north": {"uv": [2, 0, 3, 1], "texture": "#0"},
				"east": {"uv": [2, 0, 3, 1], "texture": "#0"},
				"south": {"uv": [2, 0, 3, 1], "texture": "#0"},
				"west": {"uv": [2, 0, 3, 1], "texture": "#0"},
				"up": {"uv": [2, 0, 3, 1], "texture": "#0"},
				"down": {"uv": [2, 0, 3, 1], "texture": "#0"}
			}
		},
		{
			"from": [6.3092, -0.5, -0.5],
			"to": [9.6908, 0.5, 0.5],
			"rotation": {"angle": 22.5, "axis": "z", "origin": [8, 8, 8]},
			"faces": {
				"north": {"uv": [2, 0, 3, 1], "rotation": 180, "texture": "#0"},
				"east": {"uv": [2, 0, 3, 1], "rotation": 180, "texture": "#0"},
				"south": {"uv": [2, 0, 3, 1], "rotation": 180, "texture": "#0"},
				"west": {"uv": [2, 0, 3, 1], "rotation": 180, "texture": "#0"},
				"up": {"uv": [2, 0, 3, 1], "rotation": 180, "texture": "#0"},
				"down": {"uv": [2, 0, 3, 1], "rotation": 180, "texture": "#0"}
			}
		},
		{
			"from": [15.5, 6.3092, -0.5],
			"to": [16.5, 9.6908, 0.5],
			"rotation": {"angle": -45, "axis": "z", "origin": [8, 8, 8]},
			"faces": {
				"north": {"uv": [2, 0, 3, 1], "rotation": 270, "texture": "#0"},
				"east": {"uv": [2, 0, 3, 1], "rotation": 90, "texture": "#0"},
				"south": {"uv": [2, 0, 3, 1], "rotation": 90, "texture": "#0"},
				"west": {"uv": [2, 0, 3, 1], "rotation": 90, "texture": "#0"},
				"up": {"uv": [2, 0, 3, 1], "rotation": 90, "texture": "#0"},
				"down": {"uv": [2, 0, 3, 1], "rotation": 90, "texture": "#0"}
			}
		},
		{
			"from": [15.5, 6.3092, -0.5],
			"to": [16.5, 9.6908, 0.5],
			"rotation": {"angle": 0, "axis": "z", "origin": [8, 8, 8]},
			"faces": {
				"north": {"uv": [2, 0, 3, 1], "rotation": 270, "texture": "#0"},
				"east": {"uv": [2, 0, 3, 1], "rotation": 90, "texture": "#0"},
				"south": {"uv": [2, 0, 3, 1], "rotation": 90, "texture": "#0"},
				"west": {"uv": [2, 0, 3, 1], "rotation": 90, "texture": "#0"},
				"up": {"uv": [2, 0, 3, 1], "rotation": 90, "texture": "#0"},
				"down": {"uv": [2, 0, 3, 1], "rotation": 90, "texture": "#0"}
			}
		},
		{
			"from": [15.5, 6.3092, -0.5],
			"to": [16.5, 9.6908, 0.5],
			"rotation": {"angle": -22.5, "axis": "z", "origin": [8, 8, 8]},
			"faces": {
				"north": {"uv": [2, 0, 3, 1], "rotation": 270, "texture": "#0"},
				"east": {"uv": [2, 0, 3, 1], "rotation": 90, "texture": "#0"},
				"south": {"uv": [2, 0, 3, 1], "rotation": 90, "texture": "#0"},
				"west": {"uv": [2, 0, 3, 1], "rotation": 90, "texture": "#0"},
				"up": {"uv": [2, 0, 3, 1], "rotation": 90, "texture": "#0"},
				"down": {"uv": [2, 0, 3, 1], "rotation": 90, "texture": "#0"}
			}
		},
		{
			"from": [6.3092, 15.5, -0.5],
			"to": [9.6908, 16.5, 0.5],
			"rotation": {"angle": 22.5, "axis": "z", "origin": [8, 8, 8]},
			"faces": {
				"north": {"uv": [2, 0, 3, 1], "texture": "#0"},
				"east": {"uv": [2, 0, 3, 1], "texture": "#0"},
				"south": {"uv": [2, 0, 3, 1], "texture": "#0"},
				"west": {"uv": [2, 0, 3, 1], "texture": "#0"},
				"up": {"uv": [2, 0, 3, 1], "texture": "#0"},
				"down": {"uv": [2, 0, 3, 1], "texture": "#0"}
			}
		},
		{
			"from": [-0.5, 6.3092, -0.5],
			"to": [0.5, 9.6908, 0.5],
			"rotation": {"angle": -45, "axis": "z", "origin": [8, 8, 8]},
			"faces": {
				"north": {"uv": [2, 0, 3, 1], "rotation": 90, "texture": "#0"},
				"east": {"uv": [2, 0, 3, 1], "rotation": 270, "texture": "#0"},
				"south": {"uv": [2, 0, 3, 1], "rotation": 270, "texture": "#0"},
				"west": {"uv": [2, 0, 3, 1], "rotation": 270, "texture": "#0"},
				"up": {"uv": [2, 0, 3, 1], "rotation": 270, "texture": "#0"},
				"down": {"uv": [2, 0, 3, 1], "rotation": 270, "texture": "#0"}
			}
		},
		{
			"from": [-0.5, 6.3092, -0.5],
			"to": [0.5, 9.6908, 0.5],
			"rotation": {"angle": 0, "axis": "z", "origin": [8, 8, 8]},
			"faces": {
				"north": {"uv": [2, 0, 3, 1], "rotation": 90, "texture": "#0"},
				"east": {"uv": [2, 0, 3, 1], "rotation": 270, "texture": "#0"},
				"south": {"uv": [2, 0, 3, 1], "rotation": 270, "texture": "#0"},
				"west": {"uv": [2, 0, 3, 1], "rotation": 270, "texture": "#0"},
				"up": {"uv": [2, 0, 3, 1], "rotation": 270, "texture": "#0"},
				"down": {"uv": [2, 0, 3, 1], "rotation": 270, "texture": "#0"}
			}
		},
		{
			"from": [-0.5, 6.3092, -0.5],
			"to": [0.5, 9.6908, 0.5],
			"rotation": {"angle": -22.5, "axis": "z", "origin": [8, 8, 8]},
			"faces": {
				"north": {"uv": [2, 0, 3, 1], "rotation": 90, "texture": "#0"},
				"east": {"uv": [2, 0, 3, 1], "rotation": 270, "texture": "#0"},
				"south": {"uv": [2, 0, 3, 1], "rotation": 270, "texture": "#0"},
				"west": {"uv": [2, 0, 3, 1], "rotation": 270, "texture": "#0"},
				"up": {"uv": [2, 0, 3, 1], "rotation": 270, "texture": "#0"},
				"down": {"uv": [2, 0, 3, 1], "rotation": 270, "texture": "#0"}
			}
		},
		{
			"from": [6.3092, -0.5, -0.5],
			"to": [9.6908, 0.5, 0.5],
			"rotation": {"angle": 0, "axis": "z", "origin": [8, 8, 8]},
			"faces": {
				"north": {"uv": [2, 0, 3, 1], "rotation": 180, "texture": "#0"},
				"east": {"uv": [2, 0, 3, 1], "rotation": 180, "texture": "#0"},
				"south": {"uv": [2, 0, 3, 1], "rotation": 180, "texture": "#0"},
				"west": {"uv": [2, 0, 3, 1], "rotation": 180, "texture": "#0"},
				"up": {"uv": [2, 0, 3, 1], "rotation": 180, "texture": "#0"},
				"down": {"uv": [2, 0, 3, 1], "rotation": 180, "texture": "#0"}
			}
		},
		{
			"from": [6.3092, -0.5, -0.5],
			"to": [9.6908, 0.5, 0.5],
			"rotation": {"angle": -22.5, "axis": "z", "origin": [8, 8, 8]},
			"faces": {
				"north": {"uv": [2, 0, 3, 1], "rotation": 180, "texture": "#0"},
				"east": {"uv": [2, 0, 3, 1], "rotation": 180, "texture": "#0"},
				"south": {"uv": [2, 0, 3, 1], "rotation": 180, "texture": "#0"},
				"west": {"uv": [2, 0, 3, 1], "rotation": 180, "texture": "#0"},
				"up": {"uv": [2, 0, 3, 1], "rotation": 180, "texture": "#0"},
				"down": {"uv": [2, 0, 3, 1], "rotation": 180, "texture": "#0"}
			}
		},
		{
			"from": [6.3092, -0.5, -0.5],
			"to": [9.6908, 0.5, 0.5],
			"rotation": {"angle": -45, "axis": "z", "origin": [8, 8, 8]},
			"faces": {
				"north": {"uv": [2, 0, 3, 1], "rotation": 180, "texture": "#0"},
				"east": {"uv": [2, 0, 3, 1], "rotation": 180, "texture": "#0"},
				"south": {"uv": [2, 0, 3, 1], "rotation": 180, "texture": "#0"},
				"west": {"uv": [2, 0, 3, 1], "rotation": 180, "texture": "#0"},
				"up": {"uv": [2, 0, 3, 1], "rotation": 180, "texture": "#0"},
				"down": {"uv": [2, 0, 3, 1], "rotation": 180, "texture": "#0"}
			}
		},
		{
			"from": [-0.5, 6.3092, -0.5],
			"to": [0.5, 9.6908, 0.5],
			"rotation": {"angle": 22.5, "axis": "z", "origin": [8, 8, 8]},
			"faces": {
				"north": {"uv": [2, 0, 3, 1], "rotation": 90, "texture": "#0"},
				"east": {"uv": [2, 0, 3, 1], "rotation": 270, "texture": "#0"},
				"south": {"uv": [2, 0, 3, 1], "rotation": 270, "texture": "#0"},
				"west": {"uv": [2, 0, 3, 1], "rotation": 270, "texture": "#0"},
				"up": {"uv": [2, 0, 3, 1], "rotation": 270, "texture": "#0"},
				"down": {"uv": [2, 0, 3, 1], "rotation": 270, "texture": "#0"}
			}
		},
		{
			"from": [6.3092, 15.5, 15.5],
			"to": [9.6908, 16.5, 16.5],
			"rotation": {"angle": 0, "axis": "z", "origin": [8, 8, 24]},
			"faces": {
				"north": {"uv": [2, 0, 3, 1], "texture": "#0"},
				"east": {"uv": [2, 0, 3, 1], "texture": "#0"},
				"south": {"uv": [2, 0, 3, 1], "texture": "#0"},
				"west": {"uv": [2, 0, 3, 1], "texture": "#0"},
				"up": {"uv": [2, 0, 3, 1], "texture": "#0"},
				"down": {"uv": [2, 0, 3, 1], "texture": "#0"}
			}
		},
		{
			"from": [6.3092, 15.5, 15.5],
			"to": [9.6908, 16.5, 16.5],
			"rotation": {"angle": -22.5, "axis": "z", "origin": [8, 8, 24]},
			"faces": {
				"north": {"uv": [2, 0, 3, 1], "texture": "#0"},
				"east": {"uv": [2, 0, 3, 1], "texture": "#0"},
				"south": {"uv": [2, 0, 3, 1], "texture": "#0"},
				"west": {"uv": [2, 0, 3, 1], "texture": "#0"},
				"up": {"uv": [2, 0, 3, 1], "texture": "#0"},
				"down": {"uv": [2, 0, 3, 1], "texture": "#0"}
			}
		},
		{
			"from": [15.5, 6.3092, 15.5],
			"to": [16.5, 9.6908, 16.5],
			"rotation": {"angle": 22.5, "axis": "z", "origin": [8, 8, 24]},
			"faces": {
				"north": {"uv": [2, 0, 3, 1], "rotation": 270, "texture": "#0"},
				"east": {"uv": [2, 0, 3, 1], "rotation": 90, "texture": "#0"},
				"south": {"uv": [2, 0, 3, 1], "rotation": 90, "texture": "#0"},
				"west": {"uv": [2, 0, 3, 1], "rotation": 90, "texture": "#0"},
				"up": {"uv": [2, 0, 3, 1], "rotation": 90, "texture": "#0"},
				"down": {"uv": [2, 0, 3, 1], "rotation": 90, "texture": "#0"}
			}
		},
		{
			"from": [6.3092, 15.5, 15.5],
			"to": [9.6908, 16.5, 16.5],
			"rotation": {"angle": -45, "axis": "z", "origin": [8, 8, 24]},
			"faces": {
				"north": {"uv": [2, 0, 3, 1], "texture": "#0"},
				"east": {"uv": [2, 0, 3, 1], "texture": "#0"},
				"south": {"uv": [2, 0, 3, 1], "texture": "#0"},
				"west": {"uv": [2, 0, 3, 1], "texture": "#0"},
				"up": {"uv": [2, 0, 3, 1], "texture": "#0"},
				"down": {"uv": [2, 0, 3, 1], "texture": "#0"}
			}
		},
		{
			"from": [6.3092, -0.5, 15.5],
			"to": [9.6908, 0.5, 16.5],
			"rotation": {"angle": 22.5, "axis": "z", "origin": [8, 8, 24]},
			"faces": {
				"north": {"uv": [2, 0, 3, 1], "rotation": 180, "texture": "#0"},
				"east": {"uv": [2, 0, 3, 1], "rotation": 180, "texture": "#0"},
				"south": {"uv": [2, 0, 3, 1], "rotation": 180, "texture": "#0"},
				"west": {"uv": [2, 0, 3, 1], "rotation": 180, "texture": "#0"},
				"up": {"uv": [2, 0, 3, 1], "rotation": 180, "texture": "#0"},
				"down": {"uv": [2, 0, 3, 1], "rotation": 180, "texture": "#0"}
			}
		},
		{
			"from": [15.5, 6.3092, 15.5],
			"to": [16.5, 9.6908, 16.5],
			"rotation": {"angle": -45, "axis": "z", "origin": [8, 8, 24]},
			"faces": {
				"north": {"uv": [2, 0, 3, 1], "rotation": 270, "texture": "#0"},
				"east": {"uv": [2, 0, 3, 1], "rotation": 90, "texture": "#0"},
				"south": {"uv": [2, 0, 3, 1], "rotation": 90, "texture": "#0"},
				"west": {"uv": [2, 0, 3, 1], "rotation": 90, "texture": "#0"},
				"up": {"uv": [2, 0, 3, 1], "rotation": 90, "texture": "#0"},
				"down": {"uv": [2, 0, 3, 1], "rotation": 90, "texture": "#0"}
			}
		},
		{
			"from": [15.5, 6.3092, 15.5],
			"to": [16.5, 9.6908, 16.5],
			"rotation": {"angle": 0, "axis": "z", "origin": [8, 8, 24]},
			"faces": {
				"north": {"uv": [2, 0, 3, 1], "rotation": 270, "texture": "#0"},
				"east": {"uv": [2, 0, 3, 1], "rotation": 90, "texture": "#0"},
				"south": {"uv": [2, 0, 3, 1], "rotation": 90, "texture": "#0"},
				"west": {"uv": [2, 0, 3, 1], "rotation": 90, "texture": "#0"},
				"up": {"uv": [2, 0, 3, 1], "rotation": 90, "texture": "#0"},
				"down": {"uv": [2, 0, 3, 1], "rotation": 90, "texture": "#0"}
			}
		},
		{
			"from": [15.5, 6.3092, 15.5],
			"to": [16.5, 9.6908, 16.5],
			"rotation": {"angle": -22.5, "axis": "z", "origin": [8, 8, 24]},
			"faces": {
				"north": {"uv": [2, 0, 3, 1], "rotation": 270, "texture": "#0"},
				"east": {"uv": [2, 0, 3, 1], "rotation": 90, "texture": "#0"},
				"south": {"uv": [2, 0, 3, 1], "rotation": 90, "texture": "#0"},
				"west": {"uv": [2, 0, 3, 1], "rotation": 90, "texture": "#0"},
				"up": {"uv": [2, 0, 3, 1], "rotation": 90, "texture": "#0"},
				"down": {"uv": [2, 0, 3, 1], "rotation": 90, "texture": "#0"}
			}
		},
		{
			"from": [6.3092, 15.5, 15.5],
			"to": [9.6908, 16.5, 16.5],
			"rotation": {"angle": 22.5, "axis": "z", "origin": [8, 8, 24]},
			"faces": {
				"north": {"uv": [2, 0, 3, 1], "texture": "#0"},
				"east": {"uv": [2, 0, 3, 1], "texture": "#0"},
				"south": {"uv": [2, 0, 3, 1], "texture": "#0"},
				"west": {"uv": [2, 0, 3, 1], "texture": "#0"},
				"up": {"uv": [2, 0, 3, 1], "texture": "#0"},
				"down": {"uv": [2, 0, 3, 1], "texture": "#0"}
			}
		},
		{
			"from": [-0.5, 6.3092, 15.5],
			"to": [0.5, 9.6908, 16.5],
			"rotation": {"angle": -45, "axis": "z", "origin": [8, 8, 24]},
			"faces": {
				"north": {"uv": [2, 0, 3, 1], "rotation": 90, "texture": "#0"},
				"east": {"uv": [2, 0, 3, 1], "rotation": 270, "texture": "#0"},
				"south": {"uv": [2, 0, 3, 1], "rotation": 270, "texture": "#0"},
				"west": {"uv": [2, 0, 3, 1], "rotation": 270, "texture": "#0"},
				"up": {"uv": [2, 0, 3, 1], "rotation": 270, "texture": "#0"},
				"down": {"uv": [2, 0, 3, 1], "rotation": 270, "texture": "#0"}
			}
		},
		{
			"from": [-0.5, 6.3092, 15.5],
			"to": [0.5, 9.6908, 16.5],
			"rotation": {"angle": 0, "axis": "z", "origin": [8, 8, 24]},
			"faces": {
				"north": {"uv": [2, 0, 3, 1], "rotation": 90, "texture": "#0"},
				"east": {"uv": [2, 0, 3, 1], "rotation": 270, "texture": "#0"},
				"south": {"uv": [2, 0, 3, 1], "rotation": 270, "texture": "#0"},
				"west": {"uv": [2, 0, 3, 1], "rotation": 270, "texture": "#0"},
				"up": {"uv": [2, 0, 3, 1], "rotation": 270, "texture": "#0"},
				"down": {"uv": [2, 0, 3, 1], "rotation": 270, "texture": "#0"}
			}
		},
		{
			"from": [-0.5, 6.3092, 15.5],
			"to": [0.5, 9.6908, 16.5],
			"rotation": {"angle": -22.5, "axis": "z", "origin": [8, 8, 24]},
			"faces": {
				"north": {"uv": [2, 0, 3, 1], "rotation": 90, "texture": "#0"},
				"east": {"uv": [2, 0, 3, 1], "rotation": 270, "texture": "#0"},
				"south": {"uv": [2, 0, 3, 1], "rotation": 270, "texture": "#0"},
				"west": {"uv": [2, 0, 3, 1], "rotation": 270, "texture": "#0"},
				"up": {"uv": [2, 0, 3, 1], "rotation": 270, "texture": "#0"},
				"down": {"uv": [2, 0, 3, 1], "rotation": 270, "texture": "#0"}
			}
		},
		{
			"from": [6.3092, -0.5, 15.5],
			"to": [9.6908, 0.5, 16.5],
			"rotation": {"angle": 0, "axis": "z", "origin": [8, 8, 24]},
			"faces": {
				"north": {"uv": [2, 0, 3, 1], "rotation": 180, "texture": "#0"},
				"east": {"uv": [2, 0, 3, 1], "rotation": 180, "texture": "#0"},
				"south": {"uv": [2, 0, 3, 1], "rotation": 180, "texture": "#0"},
				"west": {"uv": [2, 0, 3, 1], "rotation": 180, "texture": "#0"},
				"up": {"uv": [2, 0, 3, 1], "rotation": 180, "texture": "#0"},
				"down": {"uv": [2, 0, 3, 1], "rotation": 180, "texture": "#0"}
			}
		},
		{
			"from": [6.3092, -0.5, 15.5],
			"to": [9.6908, 0.5, 16.5],
			"rotation": {"angle": -22.5, "axis": "z", "origin": [8, 8, 24]},
			"faces": {
				"north": {"uv": [2, 0, 3, 1], "rotation": 180, "texture": "#0"},
				"east": {"uv": [2, 0, 3, 1], "rotation": 180, "texture": "#0"},
				"south": {"uv": [2, 0, 3, 1], "rotation": 180, "texture": "#0"},
				"west": {"uv": [2, 0, 3, 1], "rotation": 180, "texture": "#0"},
				"up": {"uv": [2, 0, 3, 1], "rotation": 180, "texture": "#0"},
				"down": {"uv": [2, 0, 3, 1], "rotation": 180, "texture": "#0"}
			}
		},
		{
			"from": [6.3092, -0.5, 15.5],
			"to": [9.6908, 0.5, 16.5],
			"rotation": {"angle": -45, "axis": "z", "origin": [8, 8, 24]},
			"faces": {
				"north": {"uv": [2, 0, 3, 1], "rotation": 180, "texture": "#0"},
				"east": {"uv": [2, 0, 3, 1], "rotation": 180, "texture": "#0"},
				"south": {"uv": [2, 0, 3, 1], "rotation": 180, "texture": "#0"},
				"west": {"uv": [2, 0, 3, 1], "rotation": 180, "texture": "#0"},
				"up": {"uv": [2, 0, 3, 1], "rotation": 180, "texture": "#0"},
				"down": {"uv": [2, 0, 3, 1], "rotation": 180, "texture": "#0"}
			}
		},
		{
			"from": [-0.5, 6.3092, 15.5],
			"to": [0.5, 9.6908, 16.5],
			"rotation": {"angle": 22.5, "axis": "z", "origin": [8, 8, 24]},
			"faces": {
				"north": {"uv": [2, 0, 3, 1], "rotation": 90, "texture": "#0"},
				"east": {"uv": [2, 0, 3, 1], "rotation": 270, "texture": "#0"},
				"south": {"uv": [2, 0, 3, 1], "rotation": 270, "texture": "#0"},
				"west": {"uv": [2, 0, 3, 1], "rotation": 270, "texture": "#0"},
				"up": {"uv": [2, 0, 3, 1], "rotation": 270, "texture": "#0"},
				"down": {"uv": [2, 0, 3, 1], "rotation": 270, "texture": "#0"}
			}
		},
		{
			"from": [2, 0, 0.1],
			"to": [3, 3, 1.1],
			"faces": {
				"north": {"uv": [2, 0, 3, 1], "texture": "#0"},
				"east": {"uv": [2, 0, 3, 1], "texture": "#0"},
				"south": {"uv": [2, 0, 3, 1], "texture": "#0"},
				"west": {"uv": [2, 0, 3, 1], "texture": "#0"},
				"up": {"uv": [2, 0, 3, 1], "texture": "#0"},
				"down": {"uv": [2, 0, 3, 1], "texture": "#0"}
			}
		},
		{
			"from": [2, 0, 14.9],
			"to": [3, 3, 15.9],
			"faces": {
				"north": {"uv": [2, 0, 3, 1], "texture": "#0"},
				"east": {"uv": [2, 0, 3, 1], "texture": "#0"},
				"south": {"uv": [2, 0, 3, 1], "texture": "#0"},
				"west": {"uv": [2, 0, 3, 1], "texture": "#0"},
				"up": {"uv": [2, 0, 3, 1], "texture": "#0"},
				"down": {"uv": [2, 0, 3, 1], "texture": "#0"}
			}
		},
		{
			"from": [13, 0, 14.9],
			"to": [14, 3, 15.9],
			"faces": {
				"north": {"uv": [2, 0, 3, 1], "texture": "#0"},
				"east": {"uv": [2, 0, 3, 1], "texture": "#0"},
				"south": {"uv": [2, 0, 3, 1], "texture": "#0"},
				"west": {"uv": [2, 0, 3, 1], "texture": "#0"},
				"up": {"uv": [2, 0, 3, 1], "texture": "#0"},
				"down": {"uv": [2, 0, 3, 1], "texture": "#0"}
			}
		},
		{
			"from": [13, 0, 0.1],
			"to": [14, 3, 1.1],
			"faces": {
				"north": {"uv": [2, 0, 3, 1], "texture": "#0"},
				"east": {"uv": [2, 0, 3, 1], "texture": "#0"},
				"south": {"uv": [2, 0, 3, 1], "texture": "#0"},
				"west": {"uv": [2, 0, 3, 1], "texture": "#0"},
				"up": {"uv": [2, 0, 3, 1], "texture": "#0"},
				"down": {"uv": [2, 0, 3, 1], "texture": "#0"}
			}
		}
	],
	"display": {
		"fixed": {
			"rotation": [-90, 0, 0],
			"translation": [0, 0, -16],
			"scale": [2, 2, 2]
		}
	},
	"groups": [
		0,
		{
			"name": "group",
			"origin": [8, 8, 8],
			"color": 0,
			"nbt": "{}",
			"children": [1, 2, 3, 4, 5, 6, 7, 8, 9, 10, 11, 12, 13, 14, 15, 16]
		},
		{
			"name": "group",
			"origin": [8, 8, 8],
			"color": 0,
			"nbt": "{}",
			"children": [17, 18, 19, 20, 21, 22, 23, 24, 25, 26, 27, 28, 29, 30, 31, 32]
		},
		{
			"name": "group",
			"origin": [8, 8, 8],
			"color": 0,
			"nbt": "{}",
			"children": [33, 34, 35, 36, 37, 38, 39, 40, 41, 42, 43, 44, 45, 46, 47, 48]
		},
		49,
		50,
		51,
		52
	]
}