{
	"credit": "Made with Blockbench",
	"textures": {
		"0": "item/microphone",
		"particle": "item/microphone"
	},
	"elements": [
		{
			"from": [6, 0, 6],
			"to": [10, 5, 10],
			"faces": {
				"north": {"uv": [0, 0, 4, 5], "texture": "#0"},
				"east": {"uv": [0, 0, 4, 5], "texture": "#0"},
				"south": {"uv": [0, 0, 4, 5], "texture": "#0"},
				"west": {"uv": [0, 0, 4, 5], "texture": "#0"},
				"up": {"uv": [4, 0, 8, 4], "texture": "#0"},
				"down": {"uv": [4, 0, 8, 4], "texture": "#0"}
			}
		},
		{
			"from": [7, 4, 1],
			"to": [9, 6, 13],
			"rotation": {"angle": -45, "axis": "y", "origin": [8, 3, 8]},
			"faces": {
				"north": {"uv": [14, 12, 16, 14], "texture": "#0"},
				"east": {"uv": [4, 14, 16, 16], "texture": "#0"},
				"south": {"uv": [14, 12, 16, 14], "texture": "#0"},
				"west": {"uv": [4, 14, 16, 16], "texture": "#0"},
				"up": {"uv": [4, 14, 16, 16], "rotation": 90, "texture": "#0"},
				"down": {"uv": [4, 14, 16, 16], "rotation": 90, "texture": "#0"}
			}
		},
		{
			"from": [6.2, 3.9, 7],
			"to": [9.8, 7, 9],
			"rotation": {"angle": -45, "axis": "y", "origin": [8, 3, 8]},
			"faces": {
				"north": {"uv": [8, 4, 12, 7], "texture": "#0"},
				"east": {"uv": [12, 0, 14, 3], "texture": "#0"},
				"south": {"uv": [8, 4, 12, 7], "texture": "#0"},
				"west": {"uv": [13, 0, 15, 3], "texture": "#0"},
				"up": {"uv": [8, 0, 12, 2], "texture": "#0"},
				"down": {"uv": [8, 1, 12, 3], "texture": "#0"}
			}
		},
		{
			"from": [6, 3, -4],
			"to": [10, 7, 1],
			"rotation": {"angle": -45, "axis": "y", "origin": [8, 3, 8]},
			"faces": {
				"north": {"uv": [4, 4, 8, 8], "texture": "#0"},
				"east": {"uv": [0, 10, 5, 14], "texture": "#0"},
				"south": {"uv": [4, 4, 8, 8], "texture": "#0"},
				"west": {"uv": [0, 10, 5, 14], "texture": "#0"},
				"up": {"uv": [0, 5, 4, 10], "texture": "#0"},
				"down": {"uv": [0, 5, 4, 10], "texture": "#0"}
			}
		}
	],
	"display": {
		"fixed": {
			"rotation": [-90, 0, 0],
			"translation": [0, 0, -14.5],
			"scale": [2.01, 2.01, 2.01]
		}
	}
}