{"credit":"Designed by Vahlgoul for use with the ChessCraft plugin.","texture_size":[64,64],"textures":{"particle":"custom/chesscraft/chess_pieces_white"},"elements":[{"from":[3,0,3],"to":[13,2,13],"rotation":{"angle":0,"axis":"y","origin":[-16,0,0]},"faces":{"north":{"uv":[0.25,2.75,2.75,3.25],"texture":"#particle"},"east":{"uv":[0.25,2.75,2.75,3.25],"texture":"#particle"},"south":{"uv":[0.25,2.75,2.75,3.25],"texture":"#particle"},"west":{"uv":[0.25,2.75,2.75,3.25],"texture":"#particle"},"up":{"uv":[2.75,2.75,0.25,0.25],"texture":"#particle"},"down":{"uv":[2.75,5.75,0.25,3.25],"texture":"#particle"}}},{"from":[4,2,4],"to":[12,6,12],"rotation":{"angle":0,"axis":"y","origin":[-16,0,0]},"faces":{"north":{"uv":[3.25,2.25,5.25,3.25],"texture":"#particle"},"east":{"uv":[3.25,2.25,5.25,3.25],"texture":"#particle"},"south":{"uv":[3.25,2.25,5.25,3.25],"texture":"#particle"},"west":{"uv":[3.25,2.25,5.25,3.25],"texture":"#particle"},"up":{"uv":[5.25,2.25,3.25,0.25],"texture":"#particle"}}},{"from":[6,6,6],"to":[10,18,10],"rotation":{"angle":0,"axis":"y","origin":[-16,0,0]},"faces":{"north":{"uv":[5.25,10.25,6.25,13.25],"texture":"#particle"},"east":{"uv":[5.25,10.25,6.25,13.25],"texture":"#particle"},"south":{"uv":[5.25,10.25,6.25,13.25],"texture":"#particle"},"west":{"uv":[5.25,10.25,6.25,13.25],"texture":"#particle"}}},{"from":[5,15,5],"to":[11,17,11],"rotation":{"angle":0,"axis":"y","origin":[-16,4,0]},"faces":{"north":{"uv":[5.75,1.75,7.25,2.25],"texture":"#particle"},"east":{"uv":[5.75,1.75,7.25,2.25],"texture":"#particle"},"south":{"uv":[5.75,1.75,7.25,2.25],"texture":"#particle"},"west":{"uv":[5.75,1.75,7.25,2.25],"texture":"#particle"},"up":{"uv":[7.25,1.75,5.75,0.25],"texture":"#particle"},"down":{"uv":[7.25,3.75,5.75,2.25],"texture":"#particle"}}},{"from":[5,18,5],"to":[11,25,11],"rotation":{"angle":0,"axis":"y","origin":[-16,4,0]},"faces":{"north":{"uv":[6.75,11.25,8.25,13],"texture":"#particle"},"east":{"uv":[6.75,11.25,8.25,13],"texture":"#particle"},"south":{"uv":[6.75,11.25,8.25,13],"texture":"#particle"},"west":{"uv":[6.75,11.25,8.25,13],"texture":"#particle"},"up":{"uv":[8.25,11.25,6.75,9.75],"texture":"#particle"},"down":{"uv":[8.25,14.5,6.75,13],"texture":"#particle"}}},{"from":[6.75,25,7],"to":[9.75,28,9],"rotation":{"angle":45,"axis":"z","origin":[8.25,26.5,8]},"faces":{"north":{"uv":[3.75,4.5,4.5,5.25],"texture":"#particle"},"east":{"uv":[3.25,4.5,3.75,5.25],"texture":"#particle"},"south":{"uv":[3.75,4.5,4.5,5.25],"rotation":90,"texture":"#particle"},"west":{"uv":[4.5,4.5,5,5.25],"texture":"#particle"},"up":{"uv":[4.5,4.5,3.75,4],"texture":"#particle"},"down":{"uv":[4.5,5.75,3.75,5.25],"texture":"#particle"}}}],"display":{"thirdperson_righthand":{"rotation":[75,45,0],"translation":[0,1,0],"scale":[0.375,0.375,0.375]},"thirdperson_lefthand":{"rotation":[75,45,0],"translation":[0,1,0],"scale":[0.375,0.375,0.375]},"firstperson_righthand":{"rotation":[0,45,0],"scale":[0.4,0.4,0.4]},"firstperson_lefthand":{"rotation":[0,225,0],"scale":[0.4,0.4,0.4]},"ground":{"translation":[0,3,0],"scale":[0.25,0.25,0.25]},"gui":{"rotation":[30,225,0],"scale":[0.625,0.625,0.625]},"fixed":{"rotation":[-90,0,0],"translation":[0,0,-16],"scale":[2,2,2]}}}