{
  "parent": "minecraft:item/generated",
  "textures": {
    "layer0": "minecraft:item/book"
  },
  "overrides": [
    {
      "predicate": {
        "custom_model_data": 1
      },
      "model": "item/cardt"
    },
    {
      "predicate": {
        "custom_model_data": 18
      },
      "model": "item/cardh2"
    },{
      "predicate": {
        "custom_model_data": 19
      },
      "model": "item/cardh3"
    },{
      "predicate": {
        "custom_model_data": 20
      },
      "model": "item/cardh4"
    },{
      "predicate": {
        "custom_model_data": 21
      },
      "model": "item/cardh5"
    },{
      "predicate": {
        "custom_model_data": 22
      },
      "model": "item/cardh6"
    },{
      "predicate": {
        "custom_model_data": 23
      },
      "model": "item/cardh7"
    },{
      "predicate": {
        "custom_model_data": 24
      },
      "model": "item/cardh8"
    },{
      "predicate": {
        "custom_model_data": 25
      },
      "model": "item/cardh9"
    },{
      "predicate": {
        "custom_model_data": 26
      },
      "model": "item/cardh10"
    },{
      "predicate": {
        "custom_model_data": 27
      },
      "model": "item/cardhj"
    },{
      "predicate": {
        "custom_model_data": 28
      },
      "model": "item/cardhq"
    },{
      "predicate": {
        "custom_model_data": 29
      },
      "model": "item/cardhk"
    },{
      "predicate": {
        "custom_model_data": 30
      },
      "model": "item/cardha"
    },{
      "predicate": {
        "custom_model_data": 34
      },
      "model": "item/cardd2"
    },{
      "predicate": {
        "custom_model_data": 35
      },
      "model": "item/cardd3"
    },{
      "predicate": {
        "custom_model_data": 36
      },
      "model": "item/cardd4"
    },{
      "predicate": {
        "custom_model_data": 37
      },
      "model": "item/cardd5"
    },{
      "predicate": {
        "custom_model_data": 38
      },
      "model": "item/cardd6"
    },{
      "predicate": {
        "custom_model_data": 39
      },
      "model": "item/cardd7"
    },{
      "predicate": {
        "custom_model_data": 40
      },
      "model": "item/cardd8"
    },{
      "predicate": {
        "custom_model_data": 41
      },
      "model": "item/cardd9"
    },{
      "predicate": {
        "custom_model_data": 42
      },
      "model": "item/cardd10"
    },{
      "predicate": {
        "custom_model_data": 43
      },
      "model": "item/carddj"
    },{
      "predicate": {
        "custom_model_data": 44
      },
      "model": "item/carddq"
    },{
      "predicate": {
        "custom_model_data": 45
      },
      "model": "item/carddk"
    },{
      "predicate": {
        "custom_model_data": 46
      },
      "model": "item/cardda"
    },{
      "predicate": {
        "custom_model_data": 50
      },
      "model": "item/cardc2"
    },{
      "predicate": {
        "custom_model_data": 51
      },
      "model": "item/cardc3"
    },{
      "predicate": {
        "custom_model_data": 52
      },
      "model": "item/cardc4"
    },{
      "predicate": {
        "custom_model_data": 53
      },
      "model": "item/cardc5"
    },{
      "predicate": {
        "custom_model_data": 54
      },
      "model": "item/cardc6"
    },{
      "predicate": {
        "custom_model_data": 55
      },
      "model": "item/cardc7"
    },{
      "predicate": {
        "custom_model_data": 56
      },
      "model": "item/cardc8"
    },{
      "predicate": {
        "custom_model_data": 57
      },
      "model": "item/cardc9"
    },{
      "predicate": {
        "custom_model_data": 58
      },
      "model": "item/cardc10"
    },{
      "predicate": {
        "custom_model_data": 59
      },
      "model": "item/cardcj"
    },{
      "predicate": {
        "custom_model_data": 60
      },
      "model": "item/cardcq"
    },{
      "predicate": {
        "custom_model_data": 61
      },
      "model": "item/cardck"
    },{
      "predicate": {
        "custom_model_data": 62
      },
      "model": "item/cardca"
    },{
      "predicate": {
        "custom_model_data": 66
      },
      "model": "item/cards2"
    },{
      "predicate": {
        "custom_model_data": 67
      },
      "model": "item/cards3"
    },{
      "predicate": {
        "custom_model_data": 68
      },
      "model": "item/cards4"
    },{
      "predicate": {
        "custom_model_data": 69
      },
      "model": "item/cards5"
    },{
      "predicate": {
        "custom_model_data": 70
      },
      "model": "item/cards6"
    },{
      "predicate": {
        "custom_model_data": 71
      },
      "model": "item/cards7"
    },{
      "predicate": {
        "custom_model_data": 72
      },
      "model": "item/cards8"
    },{
      "predicate": {
        "custom_model_data": 73
      },
      "model": "item/cards9"
    },{
      "predicate": {
        "custom_model_data": 74
      },
      "model": "item/cards10"
    },{
      "predicate": {
        "custom_model_data": 75
      },
      "model": "item/cardsj"
    },{
      "predicate": {
        "custom_model_data": 76
      },
      "model": "item/cardsq"
    },{
      "predicate": {
        "custom_model_data": 77
      },
      "model": "item/cardsk"
    },{
      "predicate": {
        "custom_model_data": 78
      },
      "model": "item/cardsa"
    },{
      "predicate": {
        "custom_model_data": 5000
      },
      "model": "item/styled_text"
    }
  ]
}