{
	"credit": "Made with Blockbench",
	"texture_size": [64, 64],
	"elements": [
		{
			"name": "cardback",
			"from": [5, 0, 3],
			"to": [11, 0, 13],
			"faces": {
				"north": {"uv": [15.5, 15.5, 16, 16], "texture": "#3"},
				"east": {"uv": [15.5, 15.5, 16, 16], "texture": "#3"},
				"south": {"uv": [15.5, 15.5, 16, 16], "texture": "#3"},
				"west": {"uv": [15.5, 15.5, 16, 16], "texture": "#3"},
				"up": {"uv": [15.5, 15.5, 16, 16], "texture": "#3"},
				"down": {"uv": [15.25, 0, 16, 0.6875], "texture": "#3"}
			}
		},
		{
			"name": "cardback",
			"from": [5, -0.01, 3],
			"to": [11, -0.01, 13],
			"faces": {
				"north": {"uv": [15.5, 15.5, 16, 16], "texture": "#3"},
				"east": {"uv": [15.5, 15.5, 16, 16], "texture": "#3"},
				"south": {"uv": [15.5, 15.5, 16, 16], "texture": "#3"},
				"west": {"uv": [15.5, 15.5, 16, 16], "texture": "#3"},
				"up": {"uv": [15.5, 15.5, 16, 16], "texture": "#3"},
				"down": {"uv": [9.5625, 15.9375, 0, 0], "texture": "#3"}
			}
		},
		{
			"name": "smolicontop",
			"from": [5.1, 0.01, 4.2],
			"to": [6.1, 0.01, 5.2],
			"rotation": {"angle": 0, "axis": "y", "origin": [0, -0.025, 0]},
			"faces": {
				"north": {"uv": [0, 0, 0.25, 0], "texture": "#missing"},
				"east": {"uv": [0, 0, 0.25, 0], "texture": "#missing"},
				"south": {"uv": [0, 0, 0.25, 0], "texture": "#missing"},
				"west": {"uv": [0, 0, 0.25, 0], "texture": "#missing"},
				"up": {"uv": [0, 0, 16, 16], "texture": "#1"},
				"down": {"uv": [0, 0, 0.25, 0.25], "texture": "#missing"}
			}
		},
		{
			"name": "smoliconbot",
			"from": [9.9, 0.01, 10.8],
			"to": [10.9, 0.01, 11.8],
			"rotation": {"angle": 0, "axis": "y", "origin": [10.4, 0.025, 12.3]},
			"faces": {
				"north": {"uv": [0, 0, 0.25, 0], "texture": "#missing"},
				"east": {"uv": [0, 0, 0.25, 0], "texture": "#missing"},
				"south": {"uv": [0, 0, 0.25, 0], "texture": "#missing"},
				"west": {"uv": [0, 0, 0.25, 0], "texture": "#missing"},
				"up": {"uv": [0, 0, 16, 16], "rotation": 180, "texture": "#1"},
				"down": {"uv": [0, 0, 0.25, 0.25], "rotation": 180, "texture": "#missing"}
			}
		},
		{
			"name": "smolchartop",
			"from": [5.1, 0.01, 3.1],
			"to": [6.1, 0.01, 4.1],
			"rotation": {"angle": 0, "axis": "y", "origin": [0, -0.025, 0]},
			"faces": {
				"north": {"uv": [0, 0, 0.25, 0], "texture": "#2"},
				"east": {"uv": [0, 0, 0.25, 0], "texture": "#2"},
				"south": {"uv": [0, 0, 0.25, 0], "texture": "#2"},
				"west": {"uv": [0, 0, 0.25, 0], "texture": "#2"},
				"up": {"uv": [0, 0, 16, 16], "texture": "#2"},
				"down": {"uv": [0, 0, 0.25, 0.25], "texture": "#2"}
			}
		},
		{
			"name": "smolcharbot",
			"from": [9.9, 0.01, 11.9],
			"to": [10.9, 0.01, 12.9],
			"rotation": {"angle": 0, "axis": "y", "origin": [10.4, 0.025, 12.4]},
			"faces": {
				"north": {"uv": [0, 0, 0.25, 0], "texture": "#2"},
				"east": {"uv": [0, 0, 0.25, 0], "texture": "#2"},
				"south": {"uv": [0, 0, 0.25, 0], "texture": "#2"},
				"west": {"uv": [0, 0, 0.25, 0], "texture": "#2"},
				"up": {"uv": [0, 0, 16, 16], "rotation": 180, "texture": "#2"},
				"down": {"uv": [0, 0, 0.25, 0.25], "rotation": 180, "texture": "#2"}
			}
		},
		{
			"name": "center",
			"from": [6, 0.01, 4],
			"to": [10, 0.01, 12],
			"rotation": {"angle": 0, "axis": "y", "origin": [0, -0.025, 0]},
			"faces": {
				"north": {"uv": [12, 12, 12, 12], "texture": "#4"},
				"east": {"uv": [12, 12, 12, 12], "texture": "#4"},
				"south": {"uv": [12, 12, 12, 12], "texture": "#4"},
				"west": {"uv": [12, 12, 12, 12], "texture": "#4"},
				"up": {"uv": [0, 0, 8, 16], "texture": "#4"},
				"down": {"uv": [12, 12, 12, 12], "texture": "#4"}
			}
		},
		{
			"from": [4.5, 0, 3],
			"to": [5, 0, 13],
			"faces": {
				"north": {"uv": [15.5, 16, 16, 15.5], "texture": "#3"},
				"east": {"uv": [15.5, 16, 16, 15.5], "texture": "#3"},
				"south": {"uv": [15.5, 16, 16, 15.5], "texture": "#3"},
				"west": {"uv": [15.5, 16, 16, 15.5], "texture": "#3"},
				"up": {"uv": [15.5, 16, 16, 15.5], "texture": "#3"},
				"down": {"uv": [15.5, 16, 16, 15.5], "texture": "#3"}
			}
		},
		{
			"from": [11, 0, 3],
			"to": [11.5, 0, 13],
			"faces": {
				"north": {"uv": [15.5, 16, 16, 15.5], "texture": "#3"},
				"east": {"uv": [15.5, 16, 16, 15.5], "texture": "#3"},
				"south": {"uv": [15.5, 16, 16, 15.5], "texture": "#3"},
				"west": {"uv": [15.5, 16, 16, 15.5], "texture": "#3"},
				"up": {"uv": [15.5, 16, 16, 15.5], "texture": "#3"},
				"down": {"uv": [15.5, 16, 16, 15.5], "texture": "#3"}
			}
		},
		{
			"from": [5, 0, 13],
			"to": [11, 0, 13.5],
			"faces": {
				"north": {"uv": [15.5, 16, 16, 15.5], "texture": "#3"},
				"east": {"uv": [15.5, 16, 16, 15.5], "texture": "#3"},
				"south": {"uv": [15.5, 16, 16, 15.5], "texture": "#3"},
				"west": {"uv": [15.5, 16, 16, 15.5], "texture": "#3"},
				"up": {"uv": [15.5, 16, 16, 15.5], "texture": "#3"},
				"down": {"uv": [15.5, 16, 16, 15.5], "texture": "#3"}
			}
		},
		{
			"from": [5, 0, 2.5],
			"to": [11, 0, 3],
			"faces": {
				"north": {"uv": [15.5, 16, 16, 15.5], "texture": "#3"},
				"east": {"uv": [15.5, 16, 16, 15.5], "texture": "#3"},
				"south": {"uv": [15.5, 16, 16, 15.5], "texture": "#3"},
				"west": {"uv": [15.5, 16, 16, 15.5], "texture": "#3"},
				"up": {"uv": [15.5, 16, 16, 15.5], "texture": "#3"},
				"down": {"uv": [15.5, 16, 16, 15.5], "texture": "#3"}
			}
		},
		{
			"from": [4.55, 0, 12.875],
			"to": [5, 0, 13.125],
			"rotation": {"angle": 45, "axis": "y", "origin": [5, 0, 13]},
			"faces": {
				"north": {"uv": [15.5, 16, 16, 15.5], "texture": "#3"},
				"east": {"uv": [15.5, 16, 16, 15.5], "texture": "#3"},
				"south": {"uv": [15.5, 16, 16, 15.5], "texture": "#3"},
				"west": {"uv": [15.5, 16, 16, 15.5], "texture": "#3"},
				"up": {"uv": [15.5, 16, 16, 15.5], "rotation": 270, "texture": "#3"},
				"down": {"uv": [15.5, 16, 16, 15.5], "rotation": 90, "texture": "#3"}
			}
		},
		{
			"from": [4.94, 0, 12.963],
			"to": [5.19, 0, 13.463],
			"rotation": {"angle": -22.5, "axis": "y", "origin": [5, 0, 13]},
			"faces": {
				"north": {"uv": [15.5, 16, 16, 15.5], "texture": "#3"},
				"east": {"uv": [15.5, 16, 16, 15.5], "texture": "#3"},
				"south": {"uv": [15.5, 16, 16, 15.5], "texture": "#3"},
				"west": {"uv": [15.5, 16, 16, 15.5], "texture": "#3"},
				"up": {"uv": [15.5, 16, 16, 15.5], "rotation": 180, "texture": "#3"},
				"down": {"uv": [15.5, 16, 16, 15.5], "rotation": 180, "texture": "#3"}
			}
		},
		{
			"from": [4.5375, 0, 12.807],
			"to": [5.0375, 0, 13.057],
			"rotation": {"angle": 22.5, "axis": "y", "origin": [5, 0, 13]},
			"faces": {
				"north": {"uv": [15.5, 16, 16, 15.5], "texture": "#3"},
				"east": {"uv": [15.5, 16, 16, 15.5], "texture": "#3"},
				"south": {"uv": [15.5, 16, 16, 15.5], "texture": "#3"},
				"west": {"uv": [15.5, 16, 16, 15.5], "texture": "#3"},
				"up": {"uv": [15.5, 16, 16, 15.5], "rotation": 270, "texture": "#3"},
				"down": {"uv": [15.5, 16, 16, 15.5], "rotation": 90, "texture": "#3"}
			}
		},
		{
			"from": [10.807, 0, 12.9625],
			"to": [11.057, 0, 13.4625],
			"rotation": {"angle": 22.5, "axis": "y", "origin": [11, 0, 13]},
			"faces": {
				"north": {"uv": [15.5, 16, 16, 15.5], "texture": "#3"},
				"east": {"uv": [15.5, 16, 16, 15.5], "texture": "#3"},
				"south": {"uv": [15.5, 16, 16, 15.5], "texture": "#3"},
				"west": {"uv": [15.5, 16, 16, 15.5], "texture": "#3"},
				"up": {"uv": [15.5, 16, 16, 15.5], "rotation": 180, "texture": "#3"},
				"down": {"uv": [15.5, 16, 16, 15.5], "rotation": 180, "texture": "#3"}
			}
		},
		{
			"from": [10.875, 0, 13],
			"to": [11.125, 0, 13.45],
			"rotation": {"angle": 45, "axis": "y", "origin": [11, 0, 13]},
			"faces": {
				"north": {"uv": [15.5, 16, 16, 15.5], "texture": "#3"},
				"east": {"uv": [15.5, 16, 16, 15.5], "texture": "#3"},
				"south": {"uv": [15.5, 16, 16, 15.5], "texture": "#3"},
				"west": {"uv": [15.5, 16, 16, 15.5], "texture": "#3"},
				"up": {"uv": [15.5, 16, 16, 15.5], "rotation": 180, "texture": "#3"},
				"down": {"uv": [15.5, 16, 16, 15.5], "rotation": 180, "texture": "#3"}
			}
		},
		{
			"from": [10.963, 0, 12.81],
			"to": [11.463, 0, 13.06],
			"rotation": {"angle": -22.5, "axis": "y", "origin": [11, 0, 13]},
			"faces": {
				"north": {"uv": [15.5, 16, 16, 15.5], "texture": "#3"},
				"east": {"uv": [15.5, 16, 16, 15.5], "texture": "#3"},
				"south": {"uv": [15.5, 16, 16, 15.5], "texture": "#3"},
				"west": {"uv": [15.5, 16, 16, 15.5], "texture": "#3"},
				"up": {"uv": [15.5, 16, 16, 15.5], "rotation": 90, "texture": "#3"},
				"down": {"uv": [15.5, 16, 16, 15.5], "rotation": 270, "texture": "#3"}
			}
		},
		{
			"from": [10.81, 0, 2.537],
			"to": [11.06, 0, 3.037],
			"rotation": {"angle": -22.5, "axis": "y", "origin": [11, 0, 3]},
			"faces": {
				"north": {"uv": [15.5, 16, 16, 15.5], "texture": "#3"},
				"east": {"uv": [15.5, 16, 16, 15.5], "texture": "#3"},
				"south": {"uv": [15.5, 16, 16, 15.5], "texture": "#3"},
				"west": {"uv": [15.5, 16, 16, 15.5], "texture": "#3"},
				"up": {"uv": [15.5, 16, 16, 15.5], "texture": "#3"},
				"down": {"uv": [15.5, 16, 16, 15.5], "texture": "#3"}
			}
		},
		{
			"from": [10.875, 0, 2.55],
			"to": [11.125, 0, 3],
			"rotation": {"angle": -45, "axis": "y", "origin": [11, 0, 3]},
			"faces": {
				"north": {"uv": [15.5, 16, 16, 15.5], "texture": "#3"},
				"east": {"uv": [15.5, 16, 16, 15.5], "texture": "#3"},
				"south": {"uv": [15.5, 16, 16, 15.5], "texture": "#3"},
				"west": {"uv": [15.5, 16, 16, 15.5], "texture": "#3"},
				"up": {"uv": [15.5, 16, 16, 15.5], "texture": "#3"},
				"down": {"uv": [15.5, 16, 16, 15.5], "texture": "#3"}
			}
		},
		{
			"from": [10.9625, 0, 2.943],
			"to": [11.4625, 0, 3.193],
			"rotation": {"angle": 22.5, "axis": "y", "origin": [11, 0, 3]},
			"faces": {
				"north": {"uv": [15.5, 16, 16, 15.5], "texture": "#3"},
				"east": {"uv": [15.5, 16, 16, 15.5], "texture": "#3"},
				"south": {"uv": [15.5, 16, 16, 15.5], "texture": "#3"},
				"west": {"uv": [15.5, 16, 16, 15.5], "texture": "#3"},
				"up": {"uv": [15.5, 16, 16, 15.5], "rotation": 90, "texture": "#3"},
				"down": {"uv": [15.5, 16, 16, 15.5], "rotation": 270, "texture": "#3"}
			}
		},
		{
			"from": [4.537, 0, 2.94],
			"to": [5.037, 0, 3.19],
			"rotation": {"angle": -22.5, "axis": "y", "origin": [5, 0, 3]},
			"faces": {
				"north": {"uv": [15.5, 16, 16, 15.5], "texture": "#3"},
				"east": {"uv": [15.5, 16, 16, 15.5], "texture": "#3"},
				"south": {"uv": [15.5, 16, 16, 15.5], "texture": "#3"},
				"west": {"uv": [15.5, 16, 16, 15.5], "texture": "#3"},
				"up": {"uv": [15.5, 16, 16, 15.5], "rotation": 270, "texture": "#3"},
				"down": {"uv": [15.5, 16, 16, 15.5], "rotation": 90, "texture": "#3"}
			}
		},
		{
			"from": [4.875, 0, 2.55],
			"to": [5.125, 0, 3],
			"rotation": {"angle": 45, "axis": "y", "origin": [5, 0, 3]},
			"faces": {
				"north": {"uv": [15.5, 16, 16, 15.5], "texture": "#3"},
				"east": {"uv": [15.5, 16, 16, 15.5], "texture": "#3"},
				"south": {"uv": [15.5, 16, 16, 15.5], "texture": "#3"},
				"west": {"uv": [15.5, 16, 16, 15.5], "texture": "#3"},
				"up": {"uv": [15.5, 16, 16, 15.5], "texture": "#3"},
				"down": {"uv": [15.5, 16, 16, 15.5], "texture": "#3"}
			}
		},
		{
			"from": [4.943, 0, 2.5375],
			"to": [5.193, 0, 3.0375],
			"rotation": {"angle": 22.5, "axis": "y", "origin": [5, 0, 3]},
			"faces": {
				"north": {"uv": [15.5, 16, 16, 15.5], "texture": "#3"},
				"east": {"uv": [15.5, 16, 16, 15.5], "texture": "#3"},
				"south": {"uv": [15.5, 16, 16, 15.5], "texture": "#3"},
				"west": {"uv": [15.5, 16, 16, 15.5], "texture": "#3"},
				"up": {"uv": [15.5, 16, 16, 15.5], "texture": "#3"},
				"down": {"uv": [15.5, 16, 16, 15.5], "texture": "#3"}
			}
		}
	],
	"gui_light": "front",
	"display": {
		"thirdperson_righthand": {
			"rotation": [90, 0, 0],
			"translation": [0, 4, 8.75]
		},
		"thirdperson_lefthand": {
			"rotation": [90, 0, 0],
			"translation": [0, 4, 8.75]
		},
		"firstperson_righthand": {
			"rotation": [90, 0, 0],
			"translation": [0, 4, 8.75]
		},
		"firstperson_lefthand": {
			"rotation": [90, 0, 0],
			"translation": [0, 4, 8.75]
		},
		"ground": {
			"rotation": [90, 0, 0],
			"translation": [0, 4, 8]
		},
		"gui": {
			"rotation": [90, 0, 0],
			"scale": [1.47, 1, 1.47]
		},
		"head": {
			"rotation": [34, -10, 58],
			"translation": [-6.25, 11, -8.75]
		},
		"fixed": {
			"rotation": [-90, 0, 0],
			"translation": [0, 0, -7.25]
		}
	},
	"groups": [
		0,
		1,
		2,
		3,
		4,
		5,
		6,
		{
			"name": "edge",
			"origin": [8, 8, 8],
			"color": 0,
			"nbt": "{}",
			"children": [7, 8, 9, 10, 11, 12, 13, 14, 15, 16, 17, 18, 19, 20, 21, 22]
		}
	]
}