{
	"credit": "Made with Blockbench",
	"elements": [
		{
			"from": [7.2, 0, 8],
			"to": [8.8, 1, 12],
			"rotation": {"angle": 22.5, "axis": "y", "origin": [8, 0, 8]},
			"faces": {
				"north": {"uv": [15, 15, 16, 16], "texture": "#0"},
				"east": {"uv": [15, 15, 16, 16], "texture": "#0"},
				"south": {"uv": [15, 15, 16, 16], "texture": "#0"},
				"west": {"uv": [15, 15, 16, 16], "texture": "#0"},
				"up": {"uv": [15, 15, 16, 16], "texture": "#0"},
				"down": {"uv": [15, 15, 16, 16], "texture": "#0"}
			}
		},
		{
			"from": [7.2, 0, 8],
			"to": [8.8, 1, 12],
			"rotation": {"angle": 45, "axis": "y", "origin": [8, 0, 8]},
			"faces": {
				"north": {"uv": [15, 15, 16, 16], "texture": "#0"},
				"east": {"uv": [15, 15, 16, 16], "texture": "#0"},
				"south": {"uv": [15, 15, 16, 16], "texture": "#0"},
				"west": {"uv": [15, 15, 16, 16], "texture": "#0"},
				"up": {"uv": [15, 15, 16, 16], "texture": "#0"},
				"down": {"uv": [15, 15, 16, 16], "texture": "#0"}
			}
		},
		{
			"from": [8, 0, 7.2],
			"to": [12, 1, 8.8],
			"rotation": {"angle": -22.5, "axis": "y", "origin": [8, 0, 8]},
			"faces": {
				"north": {"uv": [15, 15, 16, 16], "texture": "#0"},
				"east": {"uv": [15, 15, 16, 16], "texture": "#0"},
				"south": {"uv": [15, 15, 16, 16], "texture": "#0"},
				"west": {"uv": [15, 15, 16, 16], "texture": "#0"},
				"up": {"uv": [15, 15, 16, 16], "rotation": 270, "texture": "#0"},
				"down": {"uv": [15, 15, 16, 16], "rotation": 90, "texture": "#0"}
			}
		},
		{
			"from": [8, 0, 7.2],
			"to": [12, 1, 8.8],
			"rotation": {"angle": 0, "axis": "y", "origin": [8, 0, 8]},
			"faces": {
				"north": {"uv": [15, 15, 16, 16], "texture": "#0"},
				"east": {"uv": [15, 15, 16, 16], "texture": "#0"},
				"south": {"uv": [15, 15, 16, 16], "texture": "#0"},
				"west": {"uv": [15, 15, 16, 16], "texture": "#0"},
				"up": {"uv": [15, 15, 16, 16], "rotation": 270, "texture": "#0"},
				"down": {"uv": [15, 15, 16, 16], "rotation": 90, "texture": "#0"}
			}
		},
		{
			"from": [8, 0, 7.2],
			"to": [12, 1, 8.8],
			"rotation": {"angle": 22.5, "axis": "y", "origin": [8, 0, 8]},
			"faces": {
				"north": {"uv": [15, 15, 16, 16], "texture": "#0"},
				"east": {"uv": [15, 15, 16, 16], "texture": "#0"},
				"south": {"uv": [15, 15, 16, 16], "texture": "#0"},
				"west": {"uv": [15, 15, 16, 16], "texture": "#0"},
				"up": {"uv": [15, 15, 16, 16], "rotation": 270, "texture": "#0"},
				"down": {"uv": [15, 15, 16, 16], "rotation": 90, "texture": "#0"}
			}
		},
		{
			"from": [7.2, 0, 4],
			"to": [8.8, 1, 8],
			"rotation": {"angle": -45, "axis": "y", "origin": [8, 0, 8]},
			"faces": {
				"north": {"uv": [15, 15, 16, 16], "texture": "#0"},
				"east": {"uv": [15, 15, 16, 16], "texture": "#0"},
				"south": {"uv": [15, 15, 16, 16], "texture": "#0"},
				"west": {"uv": [15, 15, 16, 16], "texture": "#0"},
				"up": {"uv": [15, 15, 16, 16], "rotation": 180, "texture": "#0"},
				"down": {"uv": [15, 15, 16, 16], "rotation": 180, "texture": "#0"}
			}
		},
		{
			"from": [7.2, 0, 4],
			"to": [8.8, 1, 8],
			"rotation": {"angle": -22.5, "axis": "y", "origin": [8, 0, 8]},
			"faces": {
				"north": {"uv": [15, 15, 16, 16], "texture": "#0"},
				"east": {"uv": [15, 15, 16, 16], "texture": "#0"},
				"south": {"uv": [15, 15, 16, 16], "texture": "#0"},
				"west": {"uv": [15, 15, 16, 16], "texture": "#0"},
				"up": {"uv": [15, 15, 16, 16], "rotation": 180, "texture": "#0"},
				"down": {"uv": [15, 15, 16, 16], "rotation": 180, "texture": "#0"}
			}
		},
		{
			"from": [7.2, 0, 4],
			"to": [8.8, 1, 8],
			"rotation": {"angle": 0, "axis": "y", "origin": [8, 0, 8]},
			"faces": {
				"north": {"uv": [15, 15, 16, 16], "texture": "#0"},
				"east": {"uv": [15, 15, 16, 16], "texture": "#0"},
				"south": {"uv": [15, 15, 16, 16], "texture": "#0"},
				"west": {"uv": [15, 15, 16, 16], "texture": "#0"},
				"up": {"uv": [15, 15, 16, 16], "rotation": 180, "texture": "#0"},
				"down": {"uv": [15, 15, 16, 16], "rotation": 180, "texture": "#0"}
			}
		},
		{
			"from": [7.2, 0, 4],
			"to": [8.8, 1, 8],
			"rotation": {"angle": 22.5, "axis": "y", "origin": [8, 0, 8]},
			"faces": {
				"north": {"uv": [15, 15, 16, 16], "texture": "#0"},
				"east": {"uv": [15, 15, 16, 16], "texture": "#0"},
				"south": {"uv": [15, 15, 16, 16], "texture": "#0"},
				"west": {"uv": [15, 15, 16, 16], "texture": "#0"},
				"up": {"uv": [15, 15, 16, 16], "rotation": 180, "texture": "#0"},
				"down": {"uv": [15, 15, 16, 16], "rotation": 180, "texture": "#0"}
			}
		},
		{
			"from": [7.2, 0, 4],
			"to": [8.8, 1, 8],
			"rotation": {"angle": 45, "axis": "y", "origin": [8, 0, 8]},
			"faces": {
				"north": {"uv": [15, 15, 16, 16], "texture": "#0"},
				"east": {"uv": [15, 15, 16, 16], "texture": "#0"},
				"south": {"uv": [15, 15, 16, 16], "texture": "#0"},
				"west": {"uv": [15, 15, 16, 16], "texture": "#0"},
				"up": {"uv": [15, 15, 16, 16], "rotation": 180, "texture": "#0"},
				"down": {"uv": [15, 15, 16, 16], "rotation": 180, "texture": "#0"}
			}
		},
		{
			"from": [4, 0, 7.2],
			"to": [8, 1, 8.8],
			"rotation": {"angle": -22.5, "axis": "y", "origin": [8, 0, 8]},
			"faces": {
				"north": {"uv": [15, 15, 16, 16], "texture": "#0"},
				"east": {"uv": [15, 15, 16, 16], "texture": "#0"},
				"south": {"uv": [15, 15, 16, 16], "texture": "#0"},
				"west": {"uv": [15, 15, 16, 16], "texture": "#0"},
				"up": {"uv": [15, 15, 16, 16], "rotation": 90, "texture": "#0"},
				"down": {"uv": [15, 15, 16, 16], "rotation": 270, "texture": "#0"}
			}
		},
		{
			"from": [4, 0, 7.2],
			"to": [8, 1, 8.8],
			"rotation": {"angle": 0, "axis": "y", "origin": [8, 0, 8]},
			"faces": {
				"north": {"uv": [15, 15, 16, 16], "texture": "#0"},
				"east": {"uv": [15, 15, 16, 16], "texture": "#0"},
				"south": {"uv": [15, 15, 16, 16], "texture": "#0"},
				"west": {"uv": [15, 15, 16, 16], "texture": "#0"},
				"up": {"uv": [15, 15, 16, 16], "rotation": 90, "texture": "#0"},
				"down": {"uv": [15, 15, 16, 16], "rotation": 270, "texture": "#0"}
			}
		},
		{
			"from": [4, 0, 7.2],
			"to": [8, 1, 8.8],
			"rotation": {"angle": 22.5, "axis": "y", "origin": [8, 0, 8]},
			"faces": {
				"north": {"uv": [15, 15, 16, 16], "texture": "#0"},
				"east": {"uv": [15, 15, 16, 16], "texture": "#0"},
				"south": {"uv": [15, 15, 16, 16], "texture": "#0"},
				"west": {"uv": [15, 15, 16, 16], "texture": "#0"},
				"up": {"uv": [15, 15, 16, 16], "rotation": 90, "texture": "#0"},
				"down": {"uv": [15, 15, 16, 16], "rotation": 270, "texture": "#0"}
			}
		},
		{
			"from": [4, 0, 7.2],
			"to": [8, 1, 8.8],
			"rotation": {"angle": 45, "axis": "y", "origin": [8, 0, 8]},
			"faces": {
				"north": {"uv": [15, 15, 16, 16], "texture": "#0"},
				"east": {"uv": [15, 15, 16, 16], "texture": "#0"},
				"south": {"uv": [15, 15, 16, 16], "texture": "#0"},
				"west": {"uv": [15, 15, 16, 16], "texture": "#0"},
				"up": {"uv": [15, 15, 16, 16], "rotation": 90, "texture": "#0"},
				"down": {"uv": [15, 15, 16, 16], "rotation": 270, "texture": "#0"}
			}
		},
		{
			"from": [7.2, 0, 8],
			"to": [8.8, 1, 12],
			"rotation": {"angle": -22.5, "axis": "y", "origin": [8, 0, 8]},
			"faces": {
				"north": {"uv": [15, 15, 16, 16], "texture": "#0"},
				"east": {"uv": [15, 15, 16, 16], "texture": "#0"},
				"south": {"uv": [15, 15, 16, 16], "texture": "#0"},
				"west": {"uv": [15, 15, 16, 16], "texture": "#0"},
				"up": {"uv": [15, 15, 16, 16], "texture": "#0"},
				"down": {"uv": [15, 15, 16, 16], "texture": "#0"}
			}
		},
		{
			"from": [7.2, 0, 8],
			"to": [8.8, 1, 12],
			"rotation": {"angle": 0, "axis": "y", "origin": [8, 0, 8]},
			"faces": {
				"north": {"uv": [15, 15, 16, 16], "texture": "#0"},
				"east": {"uv": [15, 15, 16, 16], "texture": "#0"},
				"south": {"uv": [15, 15, 16, 16], "texture": "#0"},
				"west": {"uv": [15, 15, 16, 16], "texture": "#0"},
				"up": {"uv": [15, 15, 16, 16], "texture": "#0"},
				"down": {"uv": [15, 15, 16, 16], "texture": "#0"}
			}
		},
		{
			"from": [7.2, -0.01, 8],
			"to": [8.8, 1.01, 12],
			"rotation": {"angle": 22.5, "axis": "y", "origin": [8, 0, 8]},
			"faces": {
				"north": {"uv": [15, 0, 16, 1], "texture": "#0"},
				"east": {"uv": [15, 0, 16, 1], "texture": "#0"},
				"south": {"uv": [15, 0, 16, 1], "texture": "#0"},
				"west": {"uv": [15, 0, 16, 1], "texture": "#0"},
				"up": {"uv": [0, 0, 4, 10], "texture": "#0"},
				"down": {"uv": [0, 10, 4, 0], "texture": "#0"}
			}
		},
		{
			"from": [7.2, -0.01, 8],
			"to": [8.8, 1.01, 12],
			"rotation": {"angle": 45, "axis": "y", "origin": [8, 0, 8]},
			"faces": {
				"north": {"uv": [15, 0, 16, 1], "texture": "#0"},
				"east": {"uv": [15, 0, 16, 1], "texture": "#0"},
				"south": {"uv": [15, 0, 16, 1], "texture": "#0"},
				"west": {"uv": [15, 0, 16, 1], "texture": "#0"},
				"up": {"uv": [0, 0, 4, 10], "texture": "#0"},
				"down": {"uv": [0, 10, 4, 0], "texture": "#0"}
			}
		},
		{
			"from": [8, -0.01, 7.2],
			"to": [12, 1.01, 8.8],
			"rotation": {"angle": -22.5, "axis": "y", "origin": [8, 0, 8]},
			"faces": {
				"north": {"uv": [15, 0, 16, 1], "texture": "#0"},
				"east": {"uv": [15, 0, 16, 1], "texture": "#0"},
				"south": {"uv": [15, 0, 16, 1], "texture": "#0"},
				"west": {"uv": [15, 0, 16, 1], "texture": "#0"},
				"up": {"uv": [0, 0, 4, 10], "rotation": 270, "texture": "#0"},
				"down": {"uv": [0, 10, 4, 0], "rotation": 90, "texture": "#0"}
			}
		},
		{
			"from": [8, -0.01, 7.2],
			"to": [12, 1.01, 8.8],
			"rotation": {"angle": 0, "axis": "y", "origin": [8, 0, 8]},
			"faces": {
				"north": {"uv": [15, 0, 16, 1], "texture": "#0"},
				"east": {"uv": [15, 0, 16, 1], "texture": "#0"},
				"south": {"uv": [15, 0, 16, 1], "texture": "#0"},
				"west": {"uv": [15, 0, 16, 1], "texture": "#0"},
				"up": {"uv": [0, 0, 4, 10], "rotation": 270, "texture": "#0"},
				"down": {"uv": [0, 10, 4, 0], "rotation": 90, "texture": "#0"}
			}
		},
		{
			"from": [8, -0.01, 7.2],
			"to": [12, 1.01, 8.8],
			"rotation": {"angle": 22.5, "axis": "y", "origin": [8, 0, 8]},
			"faces": {
				"north": {"uv": [15, 0, 16, 1], "texture": "#0"},
				"east": {"uv": [15, 0, 16, 1], "texture": "#0"},
				"south": {"uv": [15, 0, 16, 1], "texture": "#0"},
				"west": {"uv": [15, 0, 16, 1], "texture": "#0"},
				"up": {"uv": [0, 0, 4, 10], "rotation": 270, "texture": "#0"},
				"down": {"uv": [0, 10, 4, 0], "rotation": 90, "texture": "#0"}
			}
		},
		{
			"from": [7.2, -0.01, 4],
			"to": [8.8, 1.01, 8],
			"rotation": {"angle": -45, "axis": "y", "origin": [8, 0, 8]},
			"faces": {
				"north": {"uv": [15, 0, 16, 1], "texture": "#0"},
				"east": {"uv": [15, 0, 16, 1], "texture": "#0"},
				"south": {"uv": [15, 0, 16, 1], "texture": "#0"},
				"west": {"uv": [15, 0, 16, 1], "texture": "#0"},
				"up": {"uv": [0, 0, 4, 10], "rotation": 180, "texture": "#0"},
				"down": {"uv": [0, 10, 4, 0], "rotation": 180, "texture": "#0"}
			}
		},
		{
			"from": [7.2, -0.01, 4],
			"to": [8.8, 1.01, 8],
			"rotation": {"angle": -22.5, "axis": "y", "origin": [8, 0, 8]},
			"faces": {
				"north": {"uv": [15, 0, 16, 1], "texture": "#0"},
				"east": {"uv": [15, 0, 16, 1], "texture": "#0"},
				"south": {"uv": [15, 0, 16, 1], "texture": "#0"},
				"west": {"uv": [15, 0, 16, 1], "texture": "#0"},
				"up": {"uv": [0, 0, 4, 10], "rotation": 180, "texture": "#0"},
				"down": {"uv": [0, 10, 4, 0], "rotation": 180, "texture": "#0"}
			}
		},
		{
			"from": [7.2, -0.01, 4],
			"to": [8.8, 1.01, 8],
			"rotation": {"angle": 0, "axis": "y", "origin": [8, 0, 8]},
			"faces": {
				"north": {"uv": [15, 0, 16, 1], "texture": "#0"},
				"east": {"uv": [15, 0, 16, 1], "texture": "#0"},
				"south": {"uv": [15, 0, 16, 1], "texture": "#0"},
				"west": {"uv": [15, 0, 16, 1], "texture": "#0"},
				"up": {"uv": [0, 0, 4, 10], "rotation": 180, "texture": "#0"},
				"down": {"uv": [0, 10, 4, 0], "rotation": 180, "texture": "#0"}
			}
		},
		{
			"from": [7.2, -0.01, 4],
			"to": [8.8, 1.01, 8],
			"rotation": {"angle": 22.5, "axis": "y", "origin": [8, 0, 8]},
			"faces": {
				"north": {"uv": [15, 0, 16, 1], "texture": "#0"},
				"east": {"uv": [15, 0, 16, 1], "texture": "#0"},
				"south": {"uv": [15, 0, 16, 1], "texture": "#0"},
				"west": {"uv": [15, 0, 16, 1], "texture": "#0"},
				"up": {"uv": [0, 0, 4, 10], "rotation": 180, "texture": "#0"},
				"down": {"uv": [0, 10, 4, 0], "rotation": 180, "texture": "#0"}
			}
		},
		{
			"from": [7.2, -0.01, 4],
			"to": [8.8, 1.01, 8],
			"rotation": {"angle": 45, "axis": "y", "origin": [8, 0, 8]},
			"faces": {
				"north": {"uv": [15, 0, 16, 1], "texture": "#0"},
				"east": {"uv": [15, 0, 16, 1], "texture": "#0"},
				"south": {"uv": [15, 0, 16, 1], "texture": "#0"},
				"west": {"uv": [15, 0, 16, 1], "texture": "#0"},
				"up": {"uv": [0, 0, 4, 10], "rotation": 180, "texture": "#0"},
				"down": {"uv": [0, 10, 4, 0], "rotation": 180, "texture": "#0"}
			}
		},
		{
			"from": [4, -0.01, 7.2],
			"to": [8, 1.01, 8.8],
			"rotation": {"angle": -22.5, "axis": "y", "origin": [8, 0, 8]},
			"faces": {
				"north": {"uv": [15, 0, 16, 1], "texture": "#0"},
				"east": {"uv": [15, 0, 16, 1], "texture": "#0"},
				"south": {"uv": [15, 0, 16, 1], "texture": "#0"},
				"west": {"uv": [15, 0, 16, 1], "texture": "#0"},
				"up": {"uv": [0, 0, 4, 10], "rotation": 90, "texture": "#0"},
				"down": {"uv": [0, 10, 4, 0], "rotation": 270, "texture": "#0"}
			}
		},
		{
			"from": [4, -0.01, 7.2],
			"to": [8, 1.01, 8.8],
			"rotation": {"angle": 0, "axis": "y", "origin": [8, 0, 8]},
			"faces": {
				"north": {"uv": [15, 0, 16, 1], "texture": "#0"},
				"east": {"uv": [15, 0, 16, 1], "texture": "#0"},
				"south": {"uv": [15, 0, 16, 1], "texture": "#0"},
				"west": {"uv": [15, 0, 16, 1], "texture": "#0"},
				"up": {"uv": [0, 0, 4, 10], "rotation": 90, "texture": "#0"},
				"down": {"uv": [0, 10, 4, 0], "rotation": 270, "texture": "#0"}
			}
		},
		{
			"from": [4, -0.01, 7.2],
			"to": [8, 1.01, 8.8],
			"rotation": {"angle": 22.5, "axis": "y", "origin": [8, 0, 8]},
			"faces": {
				"north": {"uv": [15, 0, 16, 1], "texture": "#0"},
				"east": {"uv": [15, 0, 16, 1], "texture": "#0"},
				"south": {"uv": [15, 0, 16, 1], "texture": "#0"},
				"west": {"uv": [15, 0, 16, 1], "texture": "#0"},
				"up": {"uv": [0, 0, 4, 10], "rotation": 90, "texture": "#0"},
				"down": {"uv": [0, 10, 4, 0], "rotation": 270, "texture": "#0"}
			}
		},
		{
			"from": [4, -0.01, 7.2],
			"to": [8, 1.01, 8.8],
			"rotation": {"angle": 45, "axis": "y", "origin": [8, 0, 8]},
			"faces": {
				"north": {"uv": [15, 0, 16, 1], "texture": "#0"},
				"east": {"uv": [15, 0, 16, 1], "texture": "#0"},
				"south": {"uv": [15, 0, 16, 1], "texture": "#0"},
				"west": {"uv": [15, 0, 16, 1], "texture": "#0"},
				"up": {"uv": [0, 0, 4, 10], "rotation": 90, "texture": "#0"},
				"down": {"uv": [0, 10, 4, 0], "rotation": 270, "texture": "#0"}
			}
		},
		{
			"from": [7.2, -0.01, 8],
			"to": [8.8, 1.01, 12],
			"rotation": {"angle": -22.5, "axis": "y", "origin": [8, 0, 8]},
			"faces": {
				"north": {"uv": [15, 0, 16, 1], "texture": "#0"},
				"east": {"uv": [15, 0, 16, 1], "texture": "#0"},
				"south": {"uv": [15, 0, 16, 1], "texture": "#0"},
				"west": {"uv": [15, 0, 16, 1], "texture": "#0"},
				"up": {"uv": [0, 0, 4, 10], "texture": "#0"},
				"down": {"uv": [0, 10, 4, 0], "texture": "#0"}
			}
		},
		{
			"from": [7.2, -0.01, 8],
			"to": [8.8, 1.01, 12],
			"rotation": {"angle": 0, "axis": "y", "origin": [8, 0, 8]},
			"faces": {
				"north": {"uv": [15, 0, 16, 1], "texture": "#0"},
				"east": {"uv": [15, 0, 16, 1], "texture": "#0"},
				"south": {"uv": [15, 0, 16, 1], "texture": "#0"},
				"west": {"uv": [15, 0, 16, 1], "texture": "#0"},
				"up": {"uv": [0, 0, 4, 10], "texture": "#0"},
				"down": {"uv": [0, 10, 4, 0], "texture": "#0"}
			}
		}
	],
	"display": {
		"thirdperson_righthand": {
			"rotation": [90, 0, 0],
			"translation": [0, 1, 4],
			"scale": [0.5, 0.5, 0.5]
		},
		"thirdperson_lefthand": {
			"rotation": [90, 0, 0],
			"translation": [0, 1, 4],
			"scale": [0.5, 0.5, 0.5]
		},
		"firstperson_righthand": {
			"rotation": [90, 0, 0],
			"translation": [0.5, 1, 4],
			"scale": [0.5, 0.5, 0.5]
		},
		"firstperson_lefthand": {
			"rotation": [90, 0, 0],
			"translation": [0.5, 1, 4],
			"scale": [0.5, 0.5, 0.5]
		},
		"ground": {
			"translation": [0, 4.5, 0]
		},
		"gui": {
			"rotation": [90, 0, 45],
			"translation": [-7.5, 0, 0],
			"scale": [1.5, 1.5, 1.5]
		},
		"head": {
			"rotation": [90, 0, 0],
			"translation": [0.5, 4.25, -2.75],
			"scale": [0.5, 0.5, 0.5]
		},
		"fixed": {
			"rotation": [90, 0, 0],
			"translation": [0, 0, 7]
		}
	},
	"groups": [
		{
			"name": "shape",
			"origin": [8, 0, 8],
			"color": 0,
			"nbt": "{}",
			"children": [0, 1, 2, 3, 4, 5, 6, 7, 8, 9, 10, 11, 12, 13, 14, 15]
		},
		{
			"name": "texture",
			"origin": [8, 8, 8],
			"color": 0,
			"nbt": "{}",
			"children": [16, 17, 18, 19, 20, 21, 22, 23, 24, 25, 26, 27, 28, 29, 30, 31]
		}
	]
}