{
  "parent": "minecraft:item/generated",
  "textures": {
    "layer0": "minecraft:block/lever"
  },
  "overrides": [
    {
      "predicate": {
        "custom_model_data": 1
      },
      "model": "item/parts/microphone"
    },
    {
      "predicate": {
        "custom_model_data": 2
      },
      "model": "item/parts/kickhammer"
    },
    {
      "predicate": {
        "custom_model_data": 3
      },
      "model": "item/parts/kickdrum"
    },
    {
      "predicate": {
        "custom_model_data": 4
      },
      "model": "item/parts/cymboll"
    }
  ]
}