{
    "targets": [
        { "name": "controller", "width": 2, "height": 3 },
        { "name": "controllerSwap", "width": 2, "height": 3 },
        "water",
        "translucent",
        "itemEntity",
        "particles",
        "clouds",
        "weather",
        "final",
        "swap",
        "previous",
        "swap2"
    ],
    "passes": [
        {
            "name": "toggler/copy",
            "intarget": "controller",
            "outtarget": "controllerSwap"
        },
        {
            "name": "toggler/findcolor",
            "intarget": "controllerSwap",
            "outtarget": "controller",
            "auxtargets": [
                {
                    "name": "ParticleSampler",
                    "id": "particles"
                }
            ]
        },
        {
            "name": "transparency",
            "intarget": "minecraft:main",
            "outtarget": "swap",
            "auxtargets": [
                {
                    "name": "DiffuseDepthSampler",
                    "id": "minecraft:main:depth"
                },
                {
                    "name": "TranslucentSampler",
                    "id": "translucent"
                },
                {
                    "name": "TranslucentDepthSampler",
                    "id": "translucent:depth"
                },
                {
                    "name": "ItemEntitySampler",
                    "id": "itemEntity"
                },
                {
                    "name": "ItemEntityDepthSampler",
                    "id": "itemEntity:depth"
                },
                {
                    "name": "ParticlesSampler",
                    "id": "particles"
                },
                {
                    "name": "ParticlesDepthSampler",
                    "id": "particles:depth"
                },
                {
                    "name": "CloudsSampler",
                    "id": "clouds"
                },
                {
                    "name": "CloudsDepthSampler",
                    "id": "clouds:depth"
                },
                {
                    "name": "WeatherSampler",
                    "id": "weather"
                },
                {
                    "name": "WeatherDepthSampler",
                    "id": "weather:depth"
                }
            ]
        
        },
        {
            "name": "blit",
            "intarget": "swap",
            "outtarget": "final"
        },
        {
            "name": "toggler/shader",
            "intarget": "final",
            "outtarget": "swap",
            "auxtargets": [
                {"name": "ControlSampler","id": "controller"},
                {"name": "DiffuseDepthSampler","id": "minecraft:main:depth"},
                {"name": "PrevSampler","id": "previous"}
            ]
        },
        {
            "name": "blit",
            "intarget": "final",
            "outtarget": "previous"
        },
        {
            "name": "blit",
            "intarget": "swap",
            "outtarget": "minecraft:main"
        }
    ]
}
