{
	"textures": {
		"0": "item/carrot_on_a_stick/texture",
		"particle": "item/carrot_on_a_stick/texture"
	},
	"elements": [
		{
			"from": [10, 0, 7],
			"to": [12, 9.4, 9],
			"faces": {
				"north": {"uv": [2, 6, 3, 12], "texture": "#0"},
				"east": {"uv": [3, 6, 4, 12], "texture": "#0"},
				"south": {"uv": [2, 6, 3, 12], "texture": "#0"},
				"west": {"uv": [5, 0, 6, 6], "texture": "#0"},
				"up": {"uv": [4, 0, 5, 1], "texture": "#0"},
				"down": {"uv": [15, 0, 16, 1], "texture": "#0"}
			}
		},
		{
			"from": [8, 0, 7],
			"to": [10, 7.85, 9],
			"faces": {
				"north": {"uv": [1, 6, 2, 11], "texture": "#0"},
				"east": {"uv": [0, 0, 1, 5], "texture": "#missing"},
				"south": {"uv": [1, 6, 2, 11], "texture": "#0"},
				"west": {"uv": [5, 0, 6, 5], "texture": "#0"},
				"up": {"uv": [4, 1, 5, 2], "texture": "#0"},
				"down": {"uv": [15, 1, 16, 2], "texture": "#0"}
			}
		},
		{
			"from": [6, 0, 7],
			"to": [8, 6.25, 9],
			"faces": {
				"north": {"uv": [0, 6, 1, 10], "texture": "#0"},
				"east": {"uv": [0, 0, 1, 4], "texture": "#missing"},
				"south": {"uv": [0, 6, 1, 10], "texture": "#0"},
				"west": {"uv": [11, 5, 12, 9], "texture": "#0"},
				"up": {"uv": [4, 2, 5, 3], "texture": "#0"},
				"down": {"uv": [15, 2, 16, 3], "texture": "#0"}
			}
		},
		{
			"from": [4, 0, 7],
			"to": [6, 4.7, 9],
			"faces": {
				"north": {"uv": [0, 0, 1, 3], "texture": "#0"},
				"east": {"uv": [1, 0, 2, 3], "texture": "#0"},
				"south": {"uv": [0, 0, 1, 3], "texture": "#0"},
				"west": {"uv": [9, 0, 10, 3], "texture": "#0"},
				"up": {"uv": [5, 5, 4, 4], "texture": "#0"},
				"down": {"uv": [16, 4, 15, 5], "texture": "#0"}
			}
		}
	],
	"display": {
		"thirdperson_righthand": {
			"translation": [0, 4.25, 0],
			"scale": [0.63, 0.84, 0.52]
		},
		"thirdperson_lefthand": {
			"rotation": [0, 1, 0],
			"translation": [0, 4.25, 0],
			"scale": [0.6, 0.82, 0.53]
		},
		"firstperson_righthand": {
			"rotation": [-34, 0, 0],
			"translation": [-1.25, 6.75, 0],
			"scale": [0.72, 0.72, 0.72]
		},
		"firstperson_lefthand": {
			"rotation": [-15, 0, 0],
			"translation": [0, 4, 0],
			"scale": [0.5, 0.5, 0.5]
		},
		"ground": {
			"translation": [0, 2.75, 0],
			"scale": [0.77, 0.77, 0.77]
		},
		"gui": {
			"rotation": [-24, -26, 0],
			"translation": [0, 3.25, 0],
			"scale": [1.02, 1.02, 1.02]
		},
		"head": {
			"translation": [0, 14.5, 0]
		},
		"fixed": {
			"translation": [0, 3.25, 0],
			"scale": [1.07, 1.07, 1.07]
		}
	}
}