{
	"credit": "Made with Blockbench",
	"textures": {
		"2": "block/birch_sapling",
		"particle": "block/birch_sapling"
	},
	"elements": [
		{
			"from": [0, -7, -1],
			"to": [16, -5.9, 15],
			"faces": {
				"north": {"uv": [0, 0, 2, 2], "texture": "#2"},
				"east": {"uv": [0, 0, 2, 2], "texture": "#2"},
				"south": {"uv": [0, 0, 2, 2], "texture": "#2"},
				"west": {"uv": [0, 0, 2, 2], "texture": "#2"},
				"up": {"uv": [0, 0, 16, 16], "texture": "#2"},
				"down": {"uv": [0, 0, 2, 2], "texture": "#2"}
			}
		}
	]
}