{
	"credit": "Made with Blockbench",
	"parent": "minecraft:block/cube_all",
	"textures": {
		"all": "block/green_terracotta"
	},
	"elements": [
		{
			"from": [0, 0, 0],
			"to": [16, 26, 16],
			"faces": {
				"north": {"uv": [0, 0, 16, 10], "texture": "#all"},
				"east": {"uv": [0, 0, 16, 10], "texture": "#all"},
				"south": {"uv": [0, 0, 16, 10], "texture": "#all"},
				"west": {"uv": [0, 0, 16, 10], "texture": "#all"},
				"up": {"uv": [0, 0, 16, 16], "texture": "#all"},
				"down": {"uv": [0, 0, 16, 16], "texture": "#all"}
			}
		}
	]
}