{
	"credit": "Made with Blockbench",
	"textures": {
		"1": "block/number_1",
		"particle": "block/mydad"
	},
	"elements": [
		{
			"from": [7, 10, 3],
			"to": [9, 11, 13],
			"faces": {
				"north": {"uv": [0.5, 0.5, 1, 1], "texture": "#1"},
				"east": {"uv": [0.5, 0.5, 1, 1], "texture": "#1"},
				"south": {"uv": [0.5, 0.5, 1, 1], "texture": "#1"},
				"west": {"uv": [0.5, 0.5, 1, 1], "texture": "#1"},
				"up": {"uv": [0.5, 0.5, 2.5, 10.5], "texture": "#1"},
				"down": {"uv": [0.5, 0.5, 1, 1], "texture": "#1"}
			}
		},
		{
			"from": [6, 10, 4],
			"to": [7, 11, 6],
			"faces": {
				"north": {"uv": [0.5, 0.5, 1, 1], "texture": "#1"},
				"east": {"uv": [0.5, 0.5, 1, 1], "texture": "#1"},
				"south": {"uv": [0.5, 0.5, 1, 1], "texture": "#1"},
				"west": {"uv": [0.5, 0.5, 1, 1], "texture": "#1"},
				"up": {"uv": [0.5, 0.5, 1.5, 2.5], "texture": "#1"},
				"down": {"uv": [0.5, 0.5, 1, 1], "texture": "#1"}
			}
		}
	]
}