{
	"credit": "Made with Blockbench",
	"textures": {
		"2": "block/wither_rose",
		"particle": "block/wither_rose"
	},
	"elements": [
		{
			"from": [0, 0, 0],
			"to": [16, 0.2, 16],
			"faces": {
				"north": {"uv": [5, 5, 7, 7], "texture": "#2"},
				"east": {"uv": [5, 5, 7, 7], "texture": "#2"},
				"south": {"uv": [5, 5, 7, 7], "texture": "#2"},
				"west": {"uv": [5, 5, 7, 7], "texture": "#2"},
				"up": {"uv": [0, 0, 16, 16], "texture": "#2"},
				"down": {"uv": [5, 5, 7, 7], "texture": "#2"}
			}
		}
	]
}